JAK1	comp1	7.0555173280000005
JAK1	comp2	7.187086643
JAK1	comp3	6.3914739659999995
JAK1	comp3	7.744727495
JAK1	comp4	7.0861861479999995
JAK1	comp5	6.9430951489999995
JAK1	comp6	7.1414628019999995
JAK1	comp7	7.029653124
JAK1	comp8	7.2218487499999995
JAK1	comp9	7.096367484
JAK1	comp10	7.759450752
JAK1	comp11	7.3362990749999994
JAK1	comp12	7.4710833
JAK1	comp13	7.815308569
JAK1	comp14	7.42365865
JAK1	comp15	8.025488307
JAK1	comp16	7.920818754
JAK1	comp17	8.064996849
JAK1	comp18	7.515700161
JAK1	comp19	7.485452247
JAK1	comp20	7.974694135
JAK1	comp21	8.950781977
JAK1	comp22	8.246416941
JAK1	comp23	8.473660723
JAK1	comp24	7.559090918
JAK1	comp25	8.504455662
JAK1	comp26	9.701146924
JAK1	comp27	7.88941029
JAK1	comp28	7.623423043
JAK1	comp29	8.714442691
JAK1	comp30	8.163043263
JAK1	comp31	7.764471553
JAK1	comp32	7.769551079
JAK1	comp33	8.104577454
JAK1	comp34	9.11407366
JAK1	comp35	9.838631998
JAK1	comp26	7.150580586
JAK1	comp36	8.27572413
JAK1	comp37	7.657577319
JAK1	comp38	7.397940009
JAK1	comp39	7.0969100130000005
JAK1	comp40	8.443697499
JAK1	comp41	9.22184875
JAK1	comp42	7.619788758
JAK1	comp43	8.251811973
JAK1	comp44	9.958607315
JAK1	comp45	8.13076828
JAK1	comp46	7.958607315
JAK1	comp47	8.244125144
JAK1	comp48	8.15490196
JAK1	comp49	9.48148606
JAK1	comp50	9.48148606
JAK1	comp51	8.301029996
JAK1	comp52	6.6989700039999995
JAK1	comp53	6.568636236
JAK1	comp54	6.48148606
JAK1	comp55	9.397940009
JAK1	comp56	7.214670165
JAK1	comp57	6.602059991
JAK1	comp58	6.721246399
JAK1	comp59	6.568636236
JAK1	comp60	8.301029996
JAK1	comp61	6.958607315
JAK1	comp62	5.6989700039999995
JAK1	comp63	8.091514981
JAK1	comp64	6.249491604999999
JAK1	comp30	8.163043263
JAK1	comp65	6.356547324
JAK1	comp66	7.425968732
JAK1	comp67	7.823908741
JAK1	comp68	8.301029996
JAK1	comp69	6.958607315
JAK1	comp70	6.568636236
JAK1	comp71	7.4202164029999995
JAK1	comp72	6.744727494999999
JAK1	comp73	8.091514981
JAK1	comp74	6.151810883
JAK1	comp75	5.762456262000001
JAK1	comp76	5.971835581000001
JAK1	comp77	5.710634048
JAK1	comp78	6.209011525
JAK1	comp79	5.8680607049999995
JAK1	comp80	5.906578315
JAK1	comp81	6.111259039
JAK1	comp82	6.129011186
JAK1	comp83	5.721246399
JAK1	comp84	5.568636236
JAK1	comp85	6.0132282660000005
JAK1	comp86	5.522878745
JAK1	comp87	5.823908741
JAK1	comp88	5.8927900300000005
JAK1	comp89	6.0222763950000004
JAK1	comp90	5.677780705
JAK1	comp91	6.48148606
JAK1	comp92	7.0809219080000005
JAK1	comp93	8.148741651
JAK1	comp94	7.677780705
JAK1	comp95	8.721246399
JAK1	comp96	7.920818754
JAK1	comp97	6.721246399
JAK1	comp98	8.229147988
JAK1	comp99	7.744727495
JAK1	comp100	7.853871964
JAK1	comp101	7.657577319
JAK1	comp102	7.920818754
JAK1	comp103	8.040958608
JAK1	comp104	7.853871964
JAK1	comp105	7.0969100130000005
JAK1	comp106	7.853871964
JAK1	comp107	7.408935393
JAK1	comp108	7.173925197
JAK1	comp109	8.244125144
JAK1	comp110	8.244125144
JAK1	comp111	7.0915149809999996
JAK1	comp112	8.27572413
JAK1	comp113	6.508638306
JAK1	comp114	6.677780705
JAK1	comp115	6.356547324
JAK1	comp116	7.657577319
JAK1	comp117	5.5641556340000005
JAK1	comp118	8.408935393
JAK1	comp119	8.408935393
JAK1	comp120	6.2596373110000005
JAK1	comp121	6.2596373110000005
JAK1	comp122	6.2596373110000005
JAK1	comp123	5.552841969
JAK1	comp124	8.008773924
JAK1	comp125	8.721246399
JAK1	comp126	9.026872146
JAK1	comp127	8.508638306
JAK1	comp128	6.886056648
JAK1	comp129	7.823908741
JAK1	comp130	7.823908741
JAK1	comp131	6.795880017
JAK1	comp132	7.795880017
JAK1	comp133	7.0
JAK1	comp134	7.795880017
JAK1	comp135	7.173925197
JAK1	comp136	7.522878745
JAK1	comp137	7.823908741
JAK1	comp138	7.102372909
JAK1	comp139	5.508638306
JAK1	comp140	6.958607315
JAK1	comp141	7.522878745
JAK1	comp142	5.2596373110000005
JAK1	comp143	7.397940009
JAK1	comp144	8.920818754
JAK1	comp145	5.2596373110000005
JAK1	comp146	6.036212173
JAK1	comp147	8.795880017
JAK1	comp148	7.0861861479999995
JAK1	comp149	6.950781977
JAK1	comp150	6.2596373110000005
JAK1	comp151	8.096910013
JAK1	comp152	8.472370099
JAK1	comp153	5.2596373110000005
JAK1	comp154	6.2596373110000005
JAK1	comp155	7.468521083
JAK1	comp156	7.2076083109999995
JAK1	comp157	8.769551079
JAK1	comp158	9.045757491
JAK1	comp159	8.920818754
JAK1	comp160	8.657577319
JAK1	comp161	8.886056648
JAK1	comp162	9.397940009
JAK1	comp163	8.795880017
JAK1	comp164	8.920818754
JAK1	comp165	9.15490196
JAK1	comp166	8.769551079
JAK1	comp167	8.443697499
JAK1	comp168	8.180456064
JAK1	comp169	7.552841969
JAK1	comp170	7.148741651
JAK1	comp171	7.585026652
JAK1	comp172	7.721246399
JAK1	comp173	6.823908741
JAK1	comp174	8.119186408000001
JAK1	comp175	8.119186408000001
JAK1	comp176	7.251811973
JAK1	comp177	7.619788758
JAK1	comp178	7.0268721460000005
JAK1	comp179	8.161150909
JAK1	comp180	8.161150909
JAK1	comp181	7.173925197
JAK1	comp182	6.721246399
JAK1	comp183	7.050609993
JAK1	comp184	6.251811973000001
JAK1	comp185	6.853871964
JAK1	comp186	7.455931956
JAK1	comp187	7.0
JAK1	comp188	8.698970004
JAK1	comp189	5.431798276
JAK1	comp190	8.26760624
JAK1	comp191	7.327902142
JAK1	comp192	8.721246399
JAK1	comp193	9.045757491
JAK1	comp194	7.6989700039999995
JAK1	comp195	5.2596373110000005
JAK1	comp196	6.886056648
JAK1	comp197	7.823908741
JAK1	comp198	8.886056648
JAK1	comp199	8.214670165
JAK1	comp200	8.214670165
JAK1	comp201	8.292429824
JAK1	comp202	6.408935393
JAK1	comp203	9.387216143
JAK1	comp204	7.619788758
JAK1	comp205	6.2596373110000005
JAK1	comp206	5.2596373110000005
JAK1	comp207	6.585026652
JAK1	comp208	5.2596373110000005
JAK1	comp209	7.045757491
JAK1	comp210	5.2596373110000005
JAK1	comp211	6.2596373110000005
JAK1	comp212	6.2596373110000005
JAK1	comp213	5.2596373110000005
JAK1	comp214	7.2596373110000005
JAK1	comp215	6.2596373110000005
JAK1	comp216	5.2596373110000005
JAK1	comp217	6.2596373110000005
JAK1	comp218	5.2596373110000005
JAK1	comp219	5.2596373110000005
JAK1	comp220	5.2596373110000005
JAK1	comp221	5.2596373110000005
JAK1	comp222	6.2596373110000005
JAK1	comp223	6.2596373110000005
JAK1	comp224	6.2596373110000005
JAK1	comp225	6.2596373110000005
JAK1	comp226	5.2596373110000005
JAK1	comp227	5.2596373110000005
JAK1	comp228	5.2596373110000005
JAK1	comp229	5.2596373110000005
JAK1	comp230	6.2596373110000005
JAK1	comp231	6.2596373110000005
JAK1	comp232	7.2596373110000005
JAK1	comp233	6.2596373110000005
JAK1	comp234	6.2596373110000005
JAK1	comp235	5.2596373110000005
JAK1	comp236	6.2596373110000005
JAK1	comp237	5.2596373110000005
JAK1	comp238	5.2596373110000005
JAK1	comp239	6.2596373110000005
JAK1	comp240	5.2596373110000005
JAK1	comp241	7.2596373110000005
JAK1	comp242	5.2596373110000005
JAK1	comp243	6.2596373110000005
JAK1	comp244	6.2596373110000005
JAK1	comp245	5.2596373110000005
JAK1	comp246	6.2596373110000005
JAK1	comp247	5.2596373110000005
JAK1	comp248	5.2596373110000005
JAK1	comp249	5.2596373110000005
JAK1	comp250	5.2596373110000005
JAK1	comp251	6.2596373110000005
JAK1	comp252	5.2596373110000005
JAK1	comp253	6.2596373110000005
JAK1	comp254	5.2596373110000005
JAK1	comp255	5.2596373110000005
JAK1	comp256	5.2596373110000005
JAK1	comp257	7.2596373110000005
JAK1	comp258	6.2596373110000005
JAK1	comp259	6.2596373110000005
JAK1	comp260	5.2596373110000005
JAK1	comp261	5.2596373110000005
JAK1	comp262	7.500038134
JAK1	comp263	9.0
JAK1	comp264	7.721246399
JAK1	comp265	9.22184875
JAK1	comp266	6.080001969
JAK1	comp267	7.599980365
JAK1	comp268	7.779891912
JAK1	comp269	7.460046158
JAK1	comp270	7.849857838
JAK1	comp271	8.260032303
JAK1	comp272	6.9800118399999995
JAK1	comp273	6.7700111629999995
JAK1	comp274	7.940058112
JAK1	comp275	8.029978734
JAK1	comp276	8.360015752
JAK1	comp277	8.400007822
JAK1	comp278	5.37675071
JAK1	comp279	8.26760624
JAK1	comp280	8.744727495
JAK1	comp281	9.096910013
JAK1	comp282	7.91721463
JAK1	comp283	7.779891912
JAK1	comp284	8.124938737
JAK1	comp285	7.2218487499999995
JAK1	comp286	8.769551079
JAK1	comp287	9.301029996
JAK1	comp288	9.397940009
JAK1	comp289	9.045757491
JAK1	comp290	7.327902142
JAK1	comp291	8.013228266
JAK1	comp292	8.070581074
JAK1	comp293	7.2076083109999995
JAK1	comp294	7.537602002
JAK1	comp295	7.537602002
JAK1	comp296	5.721246399
JAK1	comp297	5.455931956000001
JAK1	comp298	6.657577319
JAK1	comp299	7.187086643
JAK1	comp300	7.795880017
JAK1	comp301	7.124938737
JAK1	comp302	6.26760624
JAK1	comp303	6.568636236
JAK1	comp304	7.3372421679999995
JAK1	comp305	5.721246399
JAK1	comp306	7.886056648
JAK1	comp307	8.301029996
JAK1	comp308	8.48148606
JAK1	comp309	8.026872146
JAK1	comp310	8.37675071
JAK1	comp311	7.853871964
JAK1	comp312	8.15490196
JAK1	comp313	8.301029996
JAK1	comp314	8.48148606
JAK1	comp315	8.721246399
JAK1	comp316	8.468521083
JAK1	comp317	7.0915149809999996
JAK1	comp318	7.200659451
JAK1	comp319	6.585026652
JAK1	comp320	5.832978204
JAK1	comp321	5.513994814
JAK1	comp322	6.876148359
JAK1	comp323	6.414539270000001
JAK1	comp324	8.718966633
JAK1	comp325	7.769551079
JAK1	comp326	5.2596373110000005
JAK1	comp327	8.397940009
JAK1	comp328	8.397940009
JAK1	comp329	5.540000226
JAK1	comp330	6.530001358
JAK1	comp331	7.150028088
JAK1	comp332	6.069998999
JAK1	comp333	7.430041182
JAK1	comp334	7.260032303
JAK1	comp335	7.72010502
JAK1	comp336	8.619788758
JAK1	comp337	8.602059991
JAK1	comp338	8.585026652
JAK1	comp339	8.602059991
JAK1	comp340	8.585026652
JAK1	comp341	8.366531544
JAK1	comp342	8.522878745
JAK1	comp343	8.585026652
JAK1	comp344	8.795880017
JAK1	comp345	8.537602002
JAK1	comp346	7.795880017
JAK1	comp347	7.823908741
JAK1	comp348	7.0
JAK1	comp349	7.292429824
JAK1	comp350	7.886056648
JAK1	comp351	8.37675071
JAK1	comp352	6.522878745
JAK1	comp353	7.494850022
JAK1	comp354	8.0
JAK1	comp355	7.036212173
JAK1	comp356	9.698970004
JAK1	comp357	8.823908741
JAK1	comp358	7.387216143
JAK1	comp359	7.721246399
JAK1	comp360	6.744727494999999
JAK1	comp361	7.346787486
JAK1	comp362	8.124938737
JAK1	comp363	8.420216403
JAK1	comp364	9.744727495
JAK1	comp365	7.408935393
JAK1	comp366	7.958607315
JAK1	comp367	5.4770344049999995
JAK1	comp368	6.3728390479999995
JAK1	comp369	8.366531544
JAK1	comp370	6.431798276
JAK1	comp371	8.387216143
JAK1	comp372	8.301029996
JAK1	comp373	8.744727495
JAK1	comp374	7.958607315
JAK1	comp375	8.301029996
JAK1	comp376	7.769551079
JAK1	comp377	8.22184875
JAK1	comp378	8.397940009
JAK1	comp379	9.0
JAK1	comp380	7.232102384
JAK1	comp381	8.397940009
JAK1	comp382	8.301029996
JAK1	comp383	8.22184875
JAK1	comp384	8.301029996
JAK1	comp385	8.22184875
JAK1	comp386	8.397940009
JAK1	comp387	9.0
JAK1	comp388	8.259637311
JAK1	comp389	7.920818754
JAK1	comp390	7.958607315
JAK1	comp391	8.259637311
JAK1	comp392	9.045757491
JAK1	comp393	8.387216143
JAK1	comp394	9.045757491
JAK1	comp395	7.920818754
JAK1	comp396	7.920818754
JAK1	comp397	5.7486051499999995
JAK1	comp398	6.2596373110000005
JAK1	comp399	6.657577319
JAK1	comp400	6.832682665
JAK1	comp401	8.698970004
JAK1	comp402	7.119186408
JAK1	comp403	6.761953897
JAK1	comp404	8.15490196
JAK1	comp405	7.107905397
JAK1	comp406	7.283996656
JAK1	comp407	7.455931956
JAK1	comp408	7.886056648
JAK1	comp409	7.853871964
JAK1	comp410	7.769551079
JAK1	comp411	7.040958608
JAK1	comp412	6.931814138
JAK1	comp413	8.244125144
JAK1	comp414	6.034798299
JAK1	comp415	5.48148606
JAK1	comp416	6.364516253
JAK1	comp417	6.4698003019999994
JAK1	comp418	6.709965389000001
JAK1	comp419	6.850780887
JAK1	comp420	8.301029996
JAK1	comp421	8.522878745
JAK1	comp422	9.420216403
JAK1	comp423	8.443697499
JAK1	comp424	8.795880017
JAK1	comp425	7.886056648
JAK1	comp426	8.698970004
JAK1	comp427	8.657577319
JAK1	comp428	9.37675071
JAK1	comp429	9.187086643
JAK1	comp430	9.070581074
JAK1	comp431	8.301029996
JAK1	comp432	8.585026652
JAK1	comp433	8.698970004
JAK1	comp434	9.420216403
JAK1	comp435	8.795880017
JAK1	comp436	9.37675071
JAK1	comp437	9.070581074
JAK1	comp438	8.26760624
JAK1	comp29	8.714442691
JAK1	comp26	7.150580586
JAK1	comp28	7.623423043
JAK1	comp25	8.504455662
JAK1	comp32	7.769551079
JAK1	comp27	7.88941029
JAK1	comp34	9.11407366
JAK1	comp33	8.104577454
JAK1	comp35	9.838631998
JAK1	comp22	8.246416941
JAK1	comp24	7.559090918
JAK1	comp21	8.950781977
JAK1	comp20	7.974694135
JAK1	comp13	7.815308569
JAK1	comp10	7.759450752
JAK1	comp12	7.4710833
JAK1	comp11	7.3362990749999994
JAK1	comp19	7.485452247
JAK1	comp16	7.920818754
JAK1	comp15	8.025488307
JAK1	comp17	8.064996849
JAK1	comp9	7.096367484
JAK1	comp439	7.744727495
JAK1	comp8	7.2218487499999995
JAK1	comp2	7.187086643
JAK1	comp440	7.2076083109999995
JAK1	comp441	7.721246399
JAK1	comp442	8.318758763
JAK1	comp443	8.318758763
JAK1	comp444	6.823908741
JAK1	comp445	6.823908741
JAK1	comp446	8.020907099
JAK1	comp447	8.0
JAK1	comp448	6.920818754
JAK1	comp449	7.23462952
JAK1	comp450	6.516484022
JAK1	comp451	9.096910013
JAK1	comp452	7.356547324
JAK1	comp453	7.26760624
JAK1	comp454	8.638272164
JAK1	comp455	6.408935393
JAK1	comp456	7.040958608
JAK1	comp457	7.455931956
JAK1	comp458	5.732828272
JAK1	comp459	5.920818754
JAK1	comp460	5.327902142
JAK1	comp461	7.008773924
JAK1	comp462	7.560667306
JAK1	comp463	7.0861861479999995
JAK1	comp464	7.327902142
JAK1	comp465	6.677780705
JAK1	comp466	6.119186408
JAK1	comp467	10.0
JAK1	comp468	8.214670165
JAK1	comp469	8.920818754
JAK1	comp470	8.277366077
JAK1	comp471	7.974284616
JAK1	comp472	8.373659633
JAK1	comp473	8.181114585
JAK1	comp474	7.940058112
JAK1	comp475	6.90274269
JAK1	comp476	8.920818754
JAK1	comp477	8.619788758
JAK1	comp478	8.920818754
JAK1	comp479	8.619788758
JAK1	comp480	8.721246399
JAK1	comp481	7.173925197
JAK1	comp482	8.22184875
JAK1	comp483	7.638272164
JAK1	comp484	7.494850022
JAK1	comp485	6.2076083109999995
JAK1	comp486	7.15490196
JAK1	comp487	8.30980392
JAK1	comp488	7.958607315
JAK1	comp489	7.920818754
JAK1	comp490	7.920818754
JAK1	comp491	7.119186408
JAK1	comp492	5.912573543000001
JAK1	comp493	5.30980392
JAK1	comp494	5.721246399
JAK1	comp495	7.30980392
JAK1	comp496	7.113509275
JAK1	comp497	7.346787486
JAK1	comp498	7.537602002
JAK1	comp499	9.0
JAK1	comp500	5.528708289
JAK1	comp501	5.484126156
JAK1	comp502	9.301029996
JAK1	comp503	7.619788758
JAK1	comp504	6.303643611
JAK1	comp505	8.301029996
JAK1	comp506	8.301029996
JAK1	comp507	8.494850022
JAK1	comp508	8.420216403
JAK1	comp509	8.494850022
JAK1	comp510	8.420216403
JAK1	comp511	7.744727495
JAK1	comp512	8.102372909
JAK1	comp513	8.494850022
JAK1	comp514	8.107905397
JAK1	comp515	7.958607315
JAK1	comp516	7.366531544
JAK1	comp517	9.795880017
JAK1	comp518	6.444905551
JAK1	comp519	7.119186408
JAK1	comp520	8.744727495
JAK1	comp521	9.055517328
JAK1	comp522	8.22184875
JAK1	comp523	8.22184875
JAK1	comp524	7.823908741
JAK1	comp525	8.886056648
JAK1	comp526	9.508638306
JAK1	comp527	8.886056648
JAK1	comp528	8.823908741
JAK1	comp529	8.408935393
JAK1	comp530	7.045757491
JAK1	comp531	8.886056648
JAK1	comp532	8.568636236
JAK1	comp533	8.366531544
JAK1	comp534	8.008773924
JAK1	comp535	7.677780705
JAK1	comp536	8.48148606
JAK1	comp537	8.251811973
JAK1	comp538	8.657577319
JAK1	comp539	7.2596373110000005
JAK1	comp540	8.920818754
JAK1	comp541	8.920818754
JAK1	comp542	6.37675071
JAK1	comp543	8.251811973
JAK1	comp544	8.522878745
JAK1	comp545	8.522878745
JAK1	comp546	8.602059991
JAK1	comp547	7.27572413
JAK1	comp548	8.13667714
JAK1	comp549	8.13667714
JAK1	comp550	7.744727495
JAK1	comp551	8.173925196999999
JAK1	comp552	8.173925196999999
JAK1	comp553	8.698970004
JAK1	comp554	8.698970004
JAK1	comp555	6.518557371
JAK1	comp556	9.15490196
JAK1	comp557	8.508638306
JAK1	comp558	8.292429824
JAK1	comp559	8.468521083
JAK1	comp560	8.292429824
JAK1	comp561	8.468521083
JAK1	comp562	8.408935393
JAK1	comp563	6.356547324
JAK1	comp564	8.721246399
JAK1	comp565	8.15490196
JAK1	comp566	8.356547324
JAK1	comp567	8.236572006
JAK1	comp568	7.522878745
JAK1	comp569	6.537602002
JAK1	comp570	7.823908741
JAK1	comp571	8.15490196
JAK1	comp572	8.30980392
JAK1	comp573	8.180456064
JAK1	comp574	8.031517051
JAK1	comp575	7.443697499
JAK1	comp576	8.031517051
JAK1	comp577	8.214670165
JAK1	comp578	6.468521083000001
JAK1	comp579	8.161150909
JAK1	comp580	8.161150909
JAK1	comp581	6.0809219080000005
JAK1	comp582	8.468521083
JAK1	comp583	8.721246399
JAK1	comp584	6.508638306
JAK1	comp585	8.552841969
JAK1	comp586	9.004364805
JAK1	comp587	7.008773924
JAK1	comp588	9.004364805
JAK1	comp589	7.920818754
JAK1	comp590	8.27572413
JAK1	comp591	9.229147988
JAK1	comp592	8.119186408000001
JAK1	comp593	8.119186408000001
JAK1	comp594	9.522878745
JAK1	comp595	8.301029996
JAK1	comp596	7.48148606
JAK1	comp597	7.37675071
JAK1	comp598	8.318758763
JAK1	comp599	8.397940009
JAK1	comp600	8.318758763
JAK1	comp601	8.585026652
JAK1	comp602	8.585026652
JAK1	comp603	9.13076828
JAK1	comp604	8.26760624
JAK1	comp605	8.259637311
JAK1	comp606	8.638272164
JAK1	comp607	8.13076828
JAK1	comp608	8.48148606
JAK1	comp609	8.48148606
JAK1	comp610	5.537602002
JAK1	comp611	8.283996656
JAK1	comp612	8.387216143
JAK1	comp613	8.327902142
JAK1	comp614	8.26760624
JAK1	comp615	6.431798276
JAK1	comp616	7.494850022
JAK1	comp617	8.124938737
JAK1	comp618	7.657577319
JAK1	comp619	8.657577319
JAK1	comp620	8.327902142
JAK1	comp621	9.045757491
JAK1	comp622	9.397940009
JAK1	comp623	7.744727495
JAK1	comp624	8.113509275
JAK1	comp625	8.113509275
JAK1	comp626	7.721246399
JAK1	comp627	8.283996656
JAK1	comp628	8.283996656
JAK1	comp629	8.468521083
JAK1	comp630	7.721246399
JAK1	comp631	7.522878745
JAK1	comp632	6.036212173
JAK1	comp633	8.387216143
JAK1	comp634	8.193820026000001
JAK1	comp635	8.795880017
JAK1	comp636	7.795880017
JAK1	comp637	8.795880017
JAK1	comp638	8.468521083
JAK1	comp639	8.468521083
JAK1	comp640	8.886056648
JAK1	comp641	7.4202164029999995
JAK1	comp642	6.657577319
JAK1	comp643	8.327902142
JAK1	comp644	8.585026652
JAK1	comp645	8.207608311
JAK1	comp646	8.27572413
JAK1	comp647	8.187086643
JAK1	comp648	8.657577319
JAK1	comp649	8.568636236
JAK1	comp650	8.356547324
JAK1	comp651	8.187086643
JAK1	comp652	8.657577319
JAK1	comp653	8.568636236
JAK1	comp654	8.455931956
JAK1	comp655	7.585026652
JAK1	comp656	8.0
JAK1	comp657	8.677780705
JAK1	comp658	8.468521083
JAK1	comp659	8.494850022
JAK1	comp660	8.677780705
JAK1	comp661	8.207608311
JAK1	comp662	8.677780705
JAK1	comp663	8.494850022
JAK1	comp664	8.677780705
JAK1	comp665	8.455931956
JAK1	comp666	7.0915149809999996
JAK1	comp667	5.960982678000001
JAK1	comp668	7.0861861479999995
JAK1	comp669	7.431798276
JAK1	comp670	10.0
JAK1	comp671	7.113509275
JAK1	comp672	9.48148606
JAK1	comp673	8.004364805
JAK1	comp674	7.283996656
JAK1	comp675	5.721475035
JAK1	comp676	7.508638306
JAK1	comp677	7.508638306
JAK1	comp678	6.661543506
JAK1	comp679	8.004364805
JAK1	comp680	7.0969100130000005
JAK1	comp681	7.0969100130000005
JAK1	comp682	7.585026652
JAK1	comp683	6.659555885
JAK1	comp684	8.408935393
JAK1	comp684	8.397940009
JAK1	comp1	7.0555173280000005
JAK1	comp685	7.886056648
JAK1	comp686	6.669586227
JAK1	comp687	6.769551079
JAK1	comp688	6.707743928999999
JAK1	comp689	7.638272164
JAK1	comp690	8.48148606
JAK1	comp691	8.522878745
JAK1	comp692	6.9913998280000005
JAK1	comp693	7.187086643
JAK1	comp694	7.045757491
JAK1	comp695	6.30980392
JAK1	comp696	6.431798276
JAK1	comp697	7.346787486
JAK1	comp698	7.721246399
JAK1	comp699	6.3914739659999995
JAK1	comp700	7.0
JAK1	comp701	5.27572413
JAK1	comp702	5.26760624
JAK1	comp703	5.27572413
JAK1	comp704	5.366531544
JAK1	comp705	5.244125144
JAK1	comp706	7.769551079
JAK1	comp707	8.823908741
JAK1	comp708	7.886056648
JAK1	comp709	9.0
JAK1	comp710	9.0
JAK1	comp711	8.387216143
JAK1	comp712	8.823908741
JAK1	comp713	7.920818754
JAK1	comp714	7.886056648
JAK1	comp715	9.0
JAK1	comp716	7.568636236
JAK1	comp717	8.494850022
JAK1	comp718	7.0915149809999996
JAK1	comp719	8.823908741
JAK1	comp720	8.823908741
JAK1	comp721	7.769551079
JAK1	comp722	7.522878745
JAK1	comp723	7.853871964
JAK1	comp724	8.0
JAK1	comp725	8.318758763
JAK1	comp726	8.0
JAK1	comp727	8.0
JAK1	comp5	6.9430951489999995
JAK1	comp728	6.871923987000001
JAK1	comp729	6.440093375
JAK1	comp729	7.300162274
JAK1	comp730	8.022276395
JAK1	comp731	8.744727495
JAK1	comp732	5.638272164
JAK1	comp733	8.744727495
JAK1	comp734	8.552841969
JAK1	comp735	8.552841969
JAK1	comp736	8.244125144
JAK1	comp737	7.161150909
JAK1	comp738	8.795880017
JAK1	comp739	8.366531544
JAK1	comp740	8.366531544
JAK1	comp741	6.0
JAK1	comp742	7.677780705
JAK1	comp743	7.958607315
JAK1	comp744	7.522878745
JAK1	comp745	8.698970004
JAK1	comp746	8.698970004
JAK1	comp747	8.853871964
JAK1	comp748	8.585026652
JAK1	comp749	8.619788758
JAK1	comp750	8.494850022
JAK1	comp751	8.283996656
JAK1	comp752	7.920818754
JAK1	comp753	8.148741651
JAK1	comp754	8.853871964
JAK1	comp755	8.853871964
JAK1	comp756	8.585026652
JAK1	comp757	8.283996656
JAK1	comp758	7.920818754
JAK1	comp759	8.148741651
JAK1	comp760	8.853871964
JAK1	comp761	6.0268721460000005
JAK1	comp762	8.337242168
JAK1	comp763	8.337242168
JAK1	comp764	5.68655463
JAK1	comp765	6.248720896
JAK1	comp766	6.113509275
JAK1	comp767	8.0
JAK1	comp768	8.0
JAK1	comp769	8.853871964
JAK1	comp770	9.055517328
JAK1	comp771	8.619788758
JAK1	comp772	7.721246399
JAK1	comp773	8.853871964
JAK1	comp774	8.619788758
JAK1	comp775	7.3372421679999995
JAK1	comp776	7.3372421679999995
JAK1	comp777	8.886056648
JAK1	comp778	8.26760624
JAK1	comp779	8.244125144
JAK1	comp780	8.244125144
JAK1	comp781	8.886056648
JAK1	comp782	7.958607315
JAK1	comp783	7.0861861479999995
JAK1	comp784	8.259637311
JAK1	comp785	8.494850022
JAK1	comp786	8.721246399
JAK1	comp787	8.26760624
JAK1	comp788	8.0
JAK1	comp789	8.568636236
JAK1	comp790	8.455931956
JAK1	comp791	8.602059991
JAK1	comp792	8.494850022
JAK1	comp793	8.721246399
JAK1	comp794	8.568636236
JAK1	comp795	7.920818754
JAK1	comp796	7.3372421679999995
JAK1	comp797	8.602059991
JAK1	comp798	7.508638306
JAK1	comp799	7.920818754
JAK1	comp800	7.161150909
JAK1	comp801	7.397940009
JAK1	comp802	8.769551079
JAK1	comp803	8.769551079
JAK1	comp804	8.15490196
JAK1	comp805	8.15490196
JAK1	comp806	7.920818754
JAK1	comp807	7.552841969
JAK1	comp808	8.356547324
JAK1	comp809	8.356547324
JAK1	comp810	8.455931956
JAK1	comp811	8.455931956
JAK1	comp812	7.585026652
JAK1	comp813	7.552841969
JAK1	comp814	9.48148606
JAK1	comp815	7.318758763
JAK1	comp816	10.397940009
JAK1	comp817	7.075720714
JAK1	comp818	5.2596373110000005
JAK1	comp819	8.091514981
JAK1	comp820	6.37675071
JAK1	comp821	8.091514981
JAK1	comp822	7.853871964
JAK1	comp823	7.657577319
JAK1	comp824	8.040958608
JAK1	comp825	7.0809219080000005
JAK1	comp826	7.677780705
JAK1	comp827	8.420216403
JAK1	comp828	6.537602002
JAK1	comp829	6.823908741
JAK1	comp830	6.552841969
JAK1	comp831	7.48148606
JAK1	comp832	8.161150909
JAK1	comp833	6.638272164
JAK1	comp834	6.920818754
JAK1	comp835	7.677780705
JAK1	comp836	6.2596373110000005
JAK1	comp837	8.27572413
JAK1	comp838	8.26760624
JAK1	comp839	8.37675071
JAK1	comp840	6.4202164029999995
JAK1	comp841	6.2596373110000005
JAK1	comp842	6.2596373110000005
JAK1	comp843	7.2596373110000005
JAK1	comp844	6.2596373110000005
JAK1	comp845	6.2596373110000005
JAK1	comp846	6.2596373110000005
JAK1	comp847	7.160019442
JAK1	comp848	7.530030791
JAK1	comp849	8.379968105
JAK1	comp850	8.366531544
JAK1	comp851	8.886056648
JAK1	comp852	8.37675071
JAK1	comp853	5.771856392
JAK1	comp854	6.630784143
JAK1	comp855	8.619788758
JAK1	comp856	8.26760624
JAK1	comp857	8.537602002
JAK1	comp858	5.508638306
JAK1	comp859	8.301029996
JAK1	comp860	8.823908741
JAK1	comp861	8.853871964
JAK1	comp862	8.301029996
JAK1	comp863	6.2596373110000005
JAK1	comp864	9.0
JAK1	comp865	8.698970004
JAK1	comp866	8.698970004
JAK1	comp867	7.886056648
JAK1	comp868	8.657577319
JAK1	comp869	9.187086643
JAK1	comp870	6.3372421679999995
JAK1	comp871	6.167491087
JAK1	comp872	7.408935393
JAK1	comp873	7.721246399
JAK1	comp874	6.210207832
JAK1	comp875	7.019451261
JAK1	comp876	8.721246399
JAK1	comp877	7.30980392
JAK1	comp878	5.7456936679999995
JAK1	comp879	8.004364805
JAK1	comp880	7.744727495
JAK1	comp881	9.055517328
JAK1	comp882	8.387216143
JAK1	comp883	7.823908741
JAK1	comp884	7.48148606
JAK1	comp885	8.795880017
JAK1	comp886	8.886056648
JAK1	comp887	8.27572413
JAK1	comp888	9.619788758
JAK1	comp889	7.853871964
JAK1	comp890	8.455931956
JAK1	comp891	6.578396073
JAK1	comp892	8.356547324
JAK1	comp893	8.468521083
JAK1	comp894	6.9788107010000004
JAK1	comp895	6.946921557
JAK1	comp896	5.928486195
JAK1	comp897	6.2596373110000005
JAK1	comp898	6.585026652
JAK1	comp899	7.769551079
JAK1	comp900	8.537602002
JAK1	comp901	8.823908741
JAK1	comp902	8.397940009
JAK1	comp903	7.0915149809999996
JAK1	comp904	8.366531544
JAK1	comp905	7.537602002
JAK1	comp906	7.958607315
JAK1	comp907	8.244125144
JAK1	comp908	9.167491087
JAK1	comp909	8.200659451
JAK1	comp910	8.200659451
JAK1	comp911	6.596879479
JAK1	comp912	6.2020403559999995
JAK1	comp913	8.0
JAK1	comp914	8.107905397
JAK1	comp915	8.455931956
JAK1	comp916	8.602059991
JAK1	comp917	8.468521083
JAK1	comp918	8.0
JAK1	comp919	8.602059991
JAK1	comp920	6.397940009
JAK2	comp1	7.075720714
JAK2	comp2	6.1804560639999995
JAK2	comp3	5.151195298999999
JAK2	comp3	6.328827157
JAK2	comp4	6.119758224
JAK2	comp5	6.634512015
JAK2	comp6	6.147520006000001
JAK2	comp7	5.966576245000001
JAK2	comp8	6.2890368809999995
JAK2	comp9	6.297741837
JAK2	comp10	5.586700236
JAK2	comp11	7.046240308
JAK2	comp12	6.790484985
JAK2	comp13	7.062482108
JAK2	comp14	7.049148541
JAK2	comp15	7.2388241870000005
JAK2	comp16	7.353596274
JAK2	comp17	8.36251027
JAK2	comp18	6.756961951
JAK2	comp19	6.823908741
JAK2	comp20	6.747146969
JAK2	comp21	7.54515514
JAK2	comp22	6.610833916
JAK2	comp23	7.053056729
JAK2	comp24	6.087777943
JAK2	comp25	8.054039296
JAK2	comp26	8.431798276
JAK2	comp27	7.54668166
JAK2	comp28	7.199282922
JAK2	comp29	8.350665141
JAK2	comp30	7.027797162
JAK2	comp31	7.239577517
JAK2	comp32	7.552841969
JAK2	comp33	6.496209317
JAK2	comp34	7.962573502
JAK2	comp35	8.53165267
JAK2	comp26	6.204119983
JAK2	comp36	7.387216143
JAK2	comp37	7.397940009
JAK2	comp38	7.6989700039999995
JAK2	comp39	5.602059991
JAK2	comp40	7.744727495
JAK2	comp41	7.823908741
JAK2	comp42	7.0
JAK2	comp43	8.13076828
JAK2	comp44	8.602059991
JAK2	comp45	6.677780705
JAK2	comp46	7.552841969
JAK2	comp47	7.823908741
JAK2	comp48	7.677780705
JAK2	comp49	8.769551079
JAK2	comp50	8.769551079
JAK2	comp51	7.161150909
JAK2	comp52	6.537602002
JAK2	comp53	8.552841969
JAK2	comp54	8.638272164
JAK2	comp55	8.522878745
JAK2	comp56	6.920818754
JAK2	comp57	6.4202164029999995
JAK2	comp58	6.886056648
JAK2	comp59	6.397940009
JAK2	comp60	7.15490196
JAK2	comp61	5.769551079
JAK2	comp62	4.91721463
JAK2	comp63	7.292429824
JAK2	comp64	7.568636236
JAK2	comp30	7.027797162
JAK2	comp65	5.325690111
JAK2	comp66	6.907981529000001
JAK2	comp67	7.508638306
JAK2	comp68	7.148741651
JAK2	comp69	6.823908741
JAK2	comp70	6.244125144
JAK2	comp71	6.431798276
JAK2	comp72	5.744727494999999
JAK2	comp73	7.292429824
JAK2	comp74	5.9804683149999995
JAK2	comp75	6.688246139
JAK2	comp76	6.293282218
JAK2	comp77	6.092588639000001
JAK2	comp78	6.402304814
JAK2	comp79	6.229147987999999
JAK2	comp80	5.678194516
JAK2	comp81	5.689731633
JAK2	comp82	6.375717904
JAK2	comp83	6.958607315
JAK2	comp84	7.3372421679999995
JAK2	comp85	7.744727495
JAK2	comp86	7.173925197
JAK2	comp87	7.769551079
JAK2	comp88	7.638272164
JAK2	comp89	7.823908741
JAK2	comp90	7.318758763
JAK2	comp91	5.721246399
JAK2	comp92	7.0268721460000005
JAK2	comp93	7.619788758
JAK2	comp94	6.823908741
JAK2	comp95	7.2076083109999995
JAK2	comp96	7.167491087
JAK2	comp97	6.958607315
JAK2	comp98	7.455931956
JAK2	comp99	7.0268721460000005
JAK2	comp100	6.958607315
JAK2	comp101	6.920818754
JAK2	comp102	7.167491087
JAK2	comp103	6.920818754
JAK2	comp104	7.0969100130000005
JAK2	comp105	6.853871964
JAK2	comp106	6.823908741
JAK2	comp107	7.0915149809999996
JAK2	comp108	6.677780705
JAK2	comp109	7.142667504
JAK2	comp110	7.142667504
JAK2	comp111	6.113509275
JAK2	comp112	7.387216143
JAK2	comp113	5.6989700039999995
JAK2	comp114	7.6989700039999995
JAK2	comp115	8.0
JAK2	comp116	7.26760624
JAK2	comp117	5.610656689
JAK2	comp118	7.4202164029999995
JAK2	comp119	7.4202164029999995
JAK2	comp120	7.2596373110000005
JAK2	comp121	6.2596373110000005
JAK2	comp122	6.2596373110000005
JAK2	comp123	6.920818754
JAK2	comp124	6.48148606
JAK2	comp125	7.443697499
JAK2	comp126	8.552841969
JAK2	comp127	8.173925196999999
JAK2	comp128	8.173925196999999
JAK2	comp129	9.0
JAK2	comp130	9.0
JAK2	comp131	6.13076828
JAK2	comp132	5.585026652
JAK2	comp133	6.853871964
JAK2	comp134	7.853871964
JAK2	comp135	7.886056648
JAK2	comp136	7.15490196
JAK2	comp137	7.886056648
JAK2	comp138	6.508638306
JAK2	comp139	5.229147987999999
JAK2	comp140	6.657577319
JAK2	comp141	6.795880017
JAK2	comp142	6.2596373110000005
JAK2	comp143	6.721246399
JAK2	comp144	7.6989700039999995
JAK2	comp145	5.2596373110000005
JAK2	comp146	7.958607315
JAK2	comp147	7.958607315
JAK2	comp148	7.795880017
JAK2	comp149	7.886056648
JAK2	comp150	7.2596373110000005
JAK2	comp151	6.2218487499999995
JAK2	comp152	7.528708289
JAK2	comp153	6.2596373110000005
JAK2	comp154	7.2596373110000005
JAK2	comp155	6.886056648
JAK2	comp156	6.886056648
JAK2	comp157	7.677780705
JAK2	comp158	8.13667714
JAK2	comp159	7.568636236
JAK2	comp160	7.721246399
JAK2	comp161	7.769551079
JAK2	comp162	8.045757491
JAK2	comp163	7.602059991
JAK2	comp164	7.769551079
JAK2	comp165	7.958607315
JAK2	comp166	7.677780705
JAK2	comp167	7.15490196
JAK2	comp168	7.356547324
JAK2	comp169	6.795880017
JAK2	comp170	6.552841969
JAK2	comp171	7.508638306
JAK2	comp172	7.2076083109999995
JAK2	comp173	6.455931956000001
JAK2	comp174	7.408935393
JAK2	comp175	7.408935393
JAK2	comp176	6.886056648
JAK2	comp177	7.795880017
JAK2	comp178	7.0132282660000005
JAK2	comp179	7.193820026
JAK2	comp180	7.193820026
JAK2	comp181	8.096910013
JAK2	comp182	7.9030899869999995
JAK2	comp183	8.148741651
JAK2	comp184	5.886056648
JAK2	comp185	8.301029996
JAK2	comp186	8.301029996
JAK2	comp187	8.22184875
JAK2	comp188	7.657577319
JAK2	comp189	5.585026652
JAK2	comp190	7.408935393
JAK2	comp191	6.602059991
JAK2	comp192	7.387216143
JAK2	comp193	7.958607315
JAK2	comp194	6.886056648
JAK2	comp195	6.2596373110000005
JAK2	comp196	6.3372421679999995
JAK2	comp197	7.113509275
JAK2	comp198	6.853871964
JAK2	comp199	7.2596373110000005
JAK2	comp200	7.2596373110000005
JAK2	comp201	5.988006885
JAK2	comp202	7.853871964
JAK2	comp203	8.721246399
JAK2	comp204	8.15490196
JAK2	comp205	7.2596373110000005
JAK2	comp206	5.2596373110000005
JAK2	comp207	6.0809219080000005
JAK2	comp208	5.2596373110000005
JAK2	comp209	6.744727494999999
JAK2	comp210	6.2596373110000005
JAK2	comp211	7.2596373110000005
JAK2	comp212	7.2596373110000005
JAK2	comp213	6.2596373110000005
JAK2	comp214	6.2596373110000005
JAK2	comp215	7.2596373110000005
JAK2	comp216	7.2596373110000005
JAK2	comp217	6.2596373110000005
JAK2	comp218	7.2596373110000005
JAK2	comp219	6.2596373110000005
JAK2	comp220	7.2596373110000005
JAK2	comp221	5.2596373110000005
JAK2	comp222	7.2596373110000005
JAK2	comp223	7.2596373110000005
JAK2	comp224	7.2596373110000005
JAK2	comp225	7.2596373110000005
JAK2	comp226	7.2596373110000005
JAK2	comp227	7.2596373110000005
JAK2	comp228	7.2596373110000005
JAK2	comp229	7.2596373110000005
JAK2	comp230	7.2596373110000005
JAK2	comp231	7.2596373110000005
JAK2	comp232	7.2596373110000005
JAK2	comp233	7.2596373110000005
JAK2	comp234	7.2596373110000005
JAK2	comp235	6.2596373110000005
JAK2	comp236	7.2596373110000005
JAK2	comp237	6.2596373110000005
JAK2	comp238	7.2596373110000005
JAK2	comp239	7.2596373110000005
JAK2	comp240	6.2596373110000005
JAK2	comp241	7.2596373110000005
JAK2	comp242	7.2596373110000005
JAK2	comp243	6.2596373110000005
JAK2	comp244	7.2596373110000005
JAK2	comp245	6.2596373110000005
JAK2	comp246	7.2596373110000005
JAK2	comp247	6.2596373110000005
JAK2	comp248	5.2596373110000005
JAK2	comp249	7.2596373110000005
JAK2	comp250	7.2596373110000005
JAK2	comp251	7.2596373110000005
JAK2	comp252	7.2596373110000005
JAK2	comp253	7.2596373110000005
JAK2	comp254	7.2596373110000005
JAK2	comp255	7.2596373110000005
JAK2	comp256	7.2596373110000005
JAK2	comp257	7.2596373110000005
JAK2	comp258	7.2596373110000005
JAK2	comp259	7.2596373110000005
JAK2	comp260	5.2596373110000005
JAK2	comp261	5.2596373110000005
JAK2	comp262	7.100015437
JAK2	comp263	8.346787486
JAK2	comp264	7.503070352
JAK2	comp265	8.585026652
JAK2	comp266	5.499999679
JAK2	comp267	7.599980365
JAK2	comp268	8.100015437
JAK2	comp269	7.599980365
JAK2	comp270	7.7000571
JAK2	comp271	8.0
JAK2	comp272	6.799998135
JAK2	comp273	6.699991797
JAK2	comp274	7.7000571
JAK2	comp275	7.799970733
JAK2	comp276	8.199970641
JAK2	comp277	8.100015437
JAK2	comp278	5.283996655999999
JAK2	comp279	7.63638802
JAK2	comp280	7.798602876
JAK2	comp281	8.102372909
JAK2	comp282	7.081445469
JAK2	comp283	7.7000571
JAK2	comp284	7.387216143
JAK2	comp285	7.229147988
JAK2	comp286	8.37675071
JAK2	comp287	8.48148606
JAK2	comp288	8.657577319
JAK2	comp289	9.096910013
JAK2	comp290	6.920818754
JAK2	comp291	7.769551079
JAK2	comp292	7.777283529
JAK2	comp293	8.096910013
JAK2	comp294	6.241088108
JAK2	comp295	6.095284455
JAK2	comp296	7.356547324
JAK2	comp297	7.619788758
JAK2	comp298	6.677780705
JAK2	comp299	8.37675071
JAK2	comp300	8.920818754
JAK2	comp301	8.958607315
JAK2	comp302	6.638272164
JAK2	comp303	7.187086643
JAK2	comp304	7.13667714
JAK2	comp305	7.397940009
JAK2	comp306	7.173925197
JAK2	comp307	7.677780705
JAK2	comp308	7.638272164
JAK2	comp309	7.568636236
JAK2	comp310	7.744727495
JAK2	comp311	6.585026652
JAK2	comp312	7.638272164
JAK2	comp313	7.677780705
JAK2	comp314	7.638272164
JAK2	comp315	8.193820026000001
JAK2	comp316	7.823908741
JAK2	comp317	6.821023052999999
JAK2	comp318	6.514278574
JAK2	comp319	6.769551079
JAK2	comp320	5.718739313
JAK2	comp321	5.965371543
JAK2	comp322	7.318758763
JAK2	comp323	4.914852188
JAK2	comp324	7.97674754
JAK2	comp325	7.356547324
JAK2	comp326	5.2596373110000005
JAK2	comp327	7.522878745
JAK2	comp328	8.15490196
JAK2	comp329	5.700000504
JAK2	comp330	6.900008766
JAK2	comp331	7.7000571
JAK2	comp332	6.0
JAK2	comp333	8.0
JAK2	comp334	7.500038134
JAK2	comp335	7.7000571
JAK2	comp336	7.920818754
JAK2	comp337	7.431798276
JAK2	comp338	7.619788758
JAK2	comp339	7.431798276
JAK2	comp340	7.619788758
JAK2	comp341	7.638272164
JAK2	comp342	7.494850022
JAK2	comp343	7.886056648
JAK2	comp344	8.356547324
JAK2	comp345	7.508638306
JAK2	comp346	7.346787486
JAK2	comp347	8.301029996
JAK2	comp348	7.040958608
JAK2	comp349	7.30980392
JAK2	comp350	8.0
JAK2	comp351	8.721246399
JAK2	comp352	6.920818754
JAK2	comp353	7.602059991
JAK2	comp354	7.468521083
JAK2	comp355	6.638272164
JAK2	comp356	9.0
JAK2	comp357	6.159893906000001
JAK2	comp358	6.853871964
JAK2	comp359	6.946921557
JAK2	comp360	7.408935393
JAK2	comp361	6.73754891
JAK2	comp362	7.958607315
JAK2	comp363	7.187086643
JAK2	comp364	6.27572413
JAK2	comp365	5.3010299960000005
JAK2	comp366	7.161150909
JAK2	comp367	6.310114241
JAK2	comp368	6.639690656
JAK2	comp369	8.075720714
JAK2	comp370	7.619788758
JAK2	comp371	8.173925196999999
JAK2	comp372	7.537602002
JAK2	comp373	8.200659451
JAK2	comp374	6.619788758
JAK2	comp375	6.793174124
JAK2	comp376	6.42945706
JAK2	comp377	7.0555173280000005
JAK2	comp378	6.76700389
JAK2	comp379	7.283996656
JAK2	comp380	7.229147988
JAK2	comp381	7.070581074
JAK2	comp382	6.793174124
JAK2	comp383	7.0555173280000005
JAK2	comp384	6.752026734
JAK2	comp385	6.504455662
JAK2	comp386	6.76700389
JAK2	comp387	7.283996656
JAK2	comp388	7.677780705
JAK2	comp389	7.0
JAK2	comp390	7.13076828
JAK2	comp391	7.677780705
JAK2	comp392	8.167491087
JAK2	comp393	8.173925196999999
JAK2	comp394	8.167491087
JAK2	comp395	7.537602002
JAK2	comp396	7.537602002
JAK2	comp397	5.785951321000001
JAK2	comp398	7.2596373110000005
JAK2	comp399	7.193820026
JAK2	comp400	7.107905397
JAK2	comp401	8.301029996
JAK2	comp402	5.201694718000001
JAK2	comp403	6.279014256
JAK2	comp404	7.677780705
JAK2	comp405	6.627087997
JAK2	comp406	6.578396073
JAK2	comp407	6.6556077259999995
JAK2	comp408	5.910448117
JAK2	comp409	6.835647144
JAK2	comp410	7.113509275
JAK2	comp411	6.040958608
JAK2	comp412	6.1163385649999995
JAK2	comp413	8.920818754
JAK2	comp414	5.993533958
JAK2	comp415	5.920818754
JAK2	comp416	6.585026652
JAK2	comp417	6.886056648
JAK2	comp418	6.327902142
JAK2	comp419	6.431798276
JAK2	comp420	7.920818754
JAK2	comp421	8.091514981
JAK2	comp422	9.207608311
JAK2	comp423	7.744727495
JAK2	comp424	8.22184875
JAK2	comp425	7.148741651
JAK2	comp426	7.744727495
JAK2	comp427	7.795880017
JAK2	comp428	8.744727495
JAK2	comp429	8.568636236
JAK2	comp430	8.721246399
JAK2	comp431	7.920818754
JAK2	comp432	8.119186408000001
JAK2	comp433	7.366531544
JAK2	comp434	9.207608311
JAK2	comp435	8.22184875
JAK2	comp436	8.744727495
JAK2	comp437	8.721246399
JAK2	comp438	7.795880017
JAK2	comp29	8.350665141
JAK2	comp26	6.204119983
JAK2	comp28	7.199282922
JAK2	comp25	8.054039296
JAK2	comp32	7.552841969
JAK2	comp27	7.54668166
JAK2	comp34	7.962573502
JAK2	comp33	6.496209317
JAK2	comp35	8.53165267
JAK2	comp22	6.610833916
JAK2	comp24	6.087777943
JAK2	comp21	7.54515514
JAK2	comp20	6.747146969
JAK2	comp13	7.062482108
JAK2	comp10	5.586700236
JAK2	comp12	6.790484985
JAK2	comp11	7.046240308
JAK2	comp19	6.823908741
JAK2	comp16	7.353596274
JAK2	comp15	7.2388241870000005
JAK2	comp17	8.36251027
JAK2	comp9	6.297741837
JAK2	comp439	6.328827157
JAK2	comp8	6.2890368809999995
JAK2	comp2	6.1804560639999995
JAK2	comp440	6.935542011
JAK2	comp441	7.537602002
JAK2	comp442	7.537602002
JAK2	comp443	7.537602002
JAK2	comp444	5.408935393
JAK2	comp445	5.408935393
JAK2	comp446	7.756961951
JAK2	comp447	7.744727495
JAK2	comp448	7.397940009
JAK2	comp449	7.200383796
JAK2	comp450	6.6560009309999995
JAK2	comp451	5.769806621
JAK2	comp452	7.397940009
JAK2	comp453	6.443697499000001
JAK2	comp454	7.443697499
JAK2	comp455	7.142667504
JAK2	comp456	7.886056648
JAK2	comp457	8.292429824
JAK2	comp458	6.709965389000001
JAK2	comp459	6.164309428999999
JAK2	comp460	6.300162274
JAK2	comp461	7.853871964
JAK2	comp462	8.096910013
JAK2	comp463	7.853871964
JAK2	comp464	8.301029996
JAK2	comp465	8.096910013
JAK2	comp466	6.958607315
JAK2	comp467	6.494850022
JAK2	comp468	8.26760624
JAK2	comp469	8.505845406
JAK2	comp470	8.050122296
JAK2	comp471	7.421246216
JAK2	comp472	8.970616222
JAK2	comp473	9.050609993
JAK2	comp474	7.832682665
JAK2	comp475	8.447331784
JAK2	comp476	7.602059991
JAK2	comp477	7.050609993
JAK2	comp478	7.602059991
JAK2	comp479	7.050609993
JAK2	comp480	7.494850022
JAK2	comp481	6.958607315
JAK2	comp482	7.244125144
JAK2	comp483	7.522878745
JAK2	comp484	7.602059991
JAK2	comp485	5.853871964
JAK2	comp486	6.8601209139999995
JAK2	comp487	5.643974142999999
JAK2	comp488	7.397940009
JAK2	comp489	7.0
JAK2	comp490	7.0
JAK2	comp491	4.882728704
JAK2	comp492	7.585026652
JAK2	comp493	6.48148606
JAK2	comp494	7.15490196
JAK2	comp495	8.244125144
JAK2	comp496	7.9913998280000005
JAK2	comp497	6.552841969
JAK2	comp498	7.795880017
JAK2	comp499	7.823908741
JAK2	comp500	5.0
JAK2	comp501	5.0
JAK2	comp502	7.6989700039999995
JAK2	comp503	7.0
JAK2	comp504	6.156767222
JAK2	comp505	7.795880017
JAK2	comp506	7.795880017
JAK2	comp507	8.187086643
JAK2	comp508	8.0
JAK2	comp509	8.187086643
JAK2	comp510	8.0
JAK2	comp511	7.744727495
JAK2	comp512	7.113509275
JAK2	comp513	7.37675071
JAK2	comp514	6.657577319
JAK2	comp515	7.4202164029999995
JAK2	comp516	7.744727495
JAK2	comp517	8.920818754
JAK2	comp518	8.096910013
JAK2	comp519	8.698970004
JAK2	comp520	8.30980392
JAK2	comp521	7.920818754
JAK2	comp522	7.468521083
JAK2	comp523	7.468521083
JAK2	comp524	7.200659451
JAK2	comp525	7.920818754
JAK2	comp526	8.552841969
JAK2	comp527	7.920818754
JAK2	comp528	7.886056648
JAK2	comp529	7.468521083
JAK2	comp530	7.886056648
JAK2	comp531	7.795880017
JAK2	comp532	7.769551079
JAK2	comp533	7.366531544
JAK2	comp534	6.920818754
JAK2	comp535	7.744727495
JAK2	comp536	7.15490196
JAK2	comp537	8.13076828
JAK2	comp538	8.0
JAK2	comp539	6.638272164
JAK2	comp540	8.075720714
JAK2	comp541	8.075720714
JAK2	comp542	7.040958608
JAK2	comp543	7.040958608
JAK2	comp544	7.6989700039999995
JAK2	comp545	7.6989700039999995
JAK2	comp546	7.823908741
JAK2	comp547	7.853871964
JAK2	comp548	7.48148606
JAK2	comp549	7.48148606
JAK2	comp550	7.283996656
JAK2	comp551	7.187086643
JAK2	comp552	7.187086643
JAK2	comp553	7.920818754
JAK2	comp554	7.6989700039999995
JAK2	comp555	8.13667714
JAK2	comp556	8.356547324
JAK2	comp557	7.522878745
JAK2	comp558	7.468521083
JAK2	comp559	7.468521083
JAK2	comp560	7.468521083
JAK2	comp561	7.468521083
JAK2	comp562	7.1804560639999995
JAK2	comp563	7.568636236
JAK2	comp564	7.568636236
JAK2	comp565	7.37675071
JAK2	comp566	7.6989700039999995
JAK2	comp567	7.522878745
JAK2	comp568	6.795880017
JAK2	comp569	7.619788758
JAK2	comp570	6.397940009
JAK2	comp571	6.2596373110000005
JAK2	comp572	7.102372909
JAK2	comp573	7.244125144
JAK2	comp574	7.3372421679999995
JAK2	comp575	7.494850022
JAK2	comp576	7.346787486
JAK2	comp577	7.522878745
JAK2	comp578	7.853871964
JAK2	comp579	7.2218487499999995
JAK2	comp580	7.2218487499999995
JAK2	comp581	7.769551079
JAK2	comp582	7.958607315
JAK2	comp583	7.853871964
JAK2	comp584	6.2218487499999995
JAK2	comp585	7.2596373110000005
JAK2	comp586	8.366531544
JAK2	comp587	6.0861861479999995
JAK2	comp588	8.366531544
JAK2	comp589	7.27572413
JAK2	comp590	7.508638306
JAK2	comp591	9.301029996
JAK2	comp592	7.4202164029999995
JAK2	comp593	7.4202164029999995
JAK2	comp594	8.698970004
JAK2	comp595	9.096910013
JAK2	comp596	8.522878745
JAK2	comp597	8.698970004
JAK2	comp598	7.886056648
JAK2	comp599	6.725842151
JAK2	comp600	7.886056648
JAK2	comp601	8.055517328
JAK2	comp602	8.055517328
JAK2	comp603	8.698970004
JAK2	comp604	7.677780705
JAK2	comp605	6.659555885
JAK2	comp606	7.853871964
JAK2	comp607	7.318758763
JAK2	comp608	7.494850022
JAK2	comp609	7.494850022
JAK2	comp610	5.585026652
JAK2	comp611	7.15490196
JAK2	comp612	7.408935393
JAK2	comp613	7.721246399
JAK2	comp614	7.4202164029999995
JAK2	comp615	7.214670165
JAK2	comp616	7.408935393
JAK2	comp617	7.214670165
JAK2	comp618	7.0222763950000004
JAK2	comp619	7.619788758
JAK2	comp620	7.346787486
JAK2	comp621	8.301029996
JAK2	comp622	6.583359493
JAK2	comp623	7.050609993
JAK2	comp624	7.3010299960000005
JAK2	comp625	7.3010299960000005
JAK2	comp626	7.494850022
JAK2	comp627	7.886056648
JAK2	comp628	7.886056648
JAK2	comp629	8.13667714
JAK2	comp630	7.494850022
JAK2	comp631	7.0
JAK2	comp632	5.840432807
JAK2	comp633	7.795880017
JAK2	comp634	8.055517328
JAK2	comp635	8.337242168
JAK2	comp636	7.318758763
JAK2	comp637	8.337242168
JAK2	comp638	7.443697499
JAK2	comp639	7.443697499
JAK2	comp640	8.721246399
JAK2	comp641	6.3914739659999995
JAK2	comp642	7.585026652
JAK2	comp643	7.585026652
JAK2	comp644	8.251811973
JAK2	comp645	7.522878745
JAK2	comp646	7.721246399
JAK2	comp647	6.823908741
JAK2	comp648	7.795880017
JAK2	comp649	7.537602002
JAK2	comp650	7.619788758
JAK2	comp651	6.823908741
JAK2	comp652	7.795880017
JAK2	comp653	7.537602002
JAK2	comp654	7.619788758
JAK2	comp655	7.2218487499999995
JAK2	comp656	7.522878745
JAK2	comp657	8.091514981
JAK2	comp658	7.769551079
JAK2	comp659	7.356547324
JAK2	comp660	8.15490196
JAK2	comp661	7.522878745
JAK2	comp662	8.091514981
JAK2	comp663	7.356547324
JAK2	comp664	8.15490196
JAK2	comp665	8.214670165
JAK2	comp666	6.327902142
JAK2	comp667	5.609948504
JAK2	comp668	5.778325003
JAK2	comp669	6.0574958940000005
JAK2	comp670	7.318758763
JAK2	comp671	6.657577319
JAK2	comp672	8.769551079
JAK2	comp673	7.292429824
JAK2	comp674	8.619788758
JAK2	comp675	7.065501549
JAK2	comp676	8.167491087
JAK2	comp677	8.13076828
JAK2	comp678	6.3010299960000005
JAK2	comp679	7.292429824
JAK2	comp680	5.494850022
JAK2	comp681	5.494850022
JAK2	comp682	7.619788758
JAK2	comp683	6.692503962
JAK2	comp684	8.301029996
JAK2	comp684	8.769551079
JAK2	comp1	7.075720714
JAK2	comp685	7.3010299960000005
JAK2	comp686	6.358525889
JAK2	comp687	6.602059991
JAK2	comp688	6.127843727
JAK2	comp689	7.585026652
JAK2	comp690	7.455931956
JAK2	comp691	8.397940009
JAK2	comp692	6.349692477
JAK2	comp693	6.2596373110000005
JAK2	comp694	6.543633967
JAK2	comp695	6.1804560639999995
JAK2	comp696	5.853871964
JAK2	comp697	5.6757175449999995
JAK2	comp698	5.602059991
JAK2	comp699	7.142667504
JAK2	comp700	5.537602002
JAK2	comp701	4.732828272
JAK2	comp702	4.563837353
JAK2	comp703	4.732828272
JAK2	comp704	5.387216143
JAK2	comp705	5.494850022
JAK2	comp706	7.455931956
JAK2	comp707	7.30980392
JAK2	comp708	6.958607315
JAK2	comp709	7.494850022
JAK2	comp710	7.494850022
JAK2	comp711	6.795880017
JAK2	comp712	7.48148606
JAK2	comp713	7.27572413
JAK2	comp714	6.958607315
JAK2	comp715	7.408935393
JAK2	comp716	7.214670165
JAK2	comp717	7.853871964
JAK2	comp718	5.585695312
JAK2	comp719	7.958607315
JAK2	comp720	7.958607315
JAK2	comp721	7.124938737
JAK2	comp722	7.3010299960000005
JAK2	comp723	8.301029996
JAK2	comp724	7.853871964
JAK2	comp725	8.397940009
JAK2	comp726	7.229147988
JAK2	comp727	7.229147988
JAK2	comp5	6.634512015
JAK2	comp728	6.158015195
JAK2	comp729	5.619788758
JAK2	comp729	7.385524634
JAK2	comp730	7.193820026
JAK2	comp731	7.585026652
JAK2	comp732	5.619788758
JAK2	comp733	7.585026652
JAK2	comp734	7.48148606
JAK2	comp735	7.48148606
JAK2	comp736	7.958607315
JAK2	comp737	7.070581074
JAK2	comp738	7.6989700039999995
JAK2	comp739	7.468521083
JAK2	comp740	7.468521083
JAK2	comp741	5.148741651
JAK2	comp742	6.958607315
JAK2	comp743	7.522878745
JAK2	comp744	7.3372421679999995
JAK2	comp745	8.301029996
JAK2	comp746	8.522878745
JAK2	comp747	8.119186408000001
JAK2	comp748	7.552841969
JAK2	comp749	7.958607315
JAK2	comp750	7.455931956
JAK2	comp751	7.568636236
JAK2	comp752	8.236572006
JAK2	comp753	7.721246399
JAK2	comp754	7.494850022
JAK2	comp755	8.119186408000001
JAK2	comp756	7.552841969
JAK2	comp757	7.568636236
JAK2	comp758	8.236572006
JAK2	comp759	7.721246399
JAK2	comp760	7.494850022
JAK2	comp761	7.657577319
JAK2	comp762	7.677780705
JAK2	comp763	7.677780705
JAK2	comp764	5.0138107000000005
JAK2	comp765	5.907279355
JAK2	comp766	5.414539270000001
JAK2	comp767	7.075720714
JAK2	comp768	7.075720714
JAK2	comp769	8.193820026000001
JAK2	comp770	8.677780705
JAK2	comp771	8.337242168
JAK2	comp772	7.173925197
JAK2	comp773	8.193820026000001
JAK2	comp774	8.337242168
JAK2	comp775	6.823908741
JAK2	comp776	6.823908741
JAK2	comp777	8.214670165
JAK2	comp778	7.795880017
JAK2	comp779	7.958607315
JAK2	comp780	7.823908741
JAK2	comp781	8.214670165
JAK2	comp782	7.552841969
JAK2	comp783	7.585026652
JAK2	comp784	7.585026652
JAK2	comp785	7.443697499
JAK2	comp786	7.508638306
JAK2	comp787	7.327902142
JAK2	comp788	7.200659451
JAK2	comp789	7.568636236
JAK2	comp790	7.455931956
JAK2	comp791	7.494850022
JAK2	comp792	6.124938737
JAK2	comp793	7.508638306
JAK2	comp794	7.568636236
JAK2	comp795	7.443697499
JAK2	comp796	6.638272164
JAK2	comp797	7.657577319
JAK2	comp798	6.886056648
JAK2	comp799	7.318758763
JAK2	comp800	6.995678626
JAK2	comp801	6.522878745
JAK2	comp802	7.795880017
JAK2	comp803	6.522878745
JAK2	comp804	7.26760624
JAK2	comp805	7.26760624
JAK2	comp806	7.721246399
JAK2	comp807	6.602059991
JAK2	comp808	7.443697499
JAK2	comp809	7.443697499
JAK2	comp810	7.27572413
JAK2	comp811	7.27572413
JAK2	comp812	7.124938737
JAK2	comp813	6.346787486
JAK2	comp814	8.657577319
JAK2	comp815	7.522878745
JAK2	comp816	8.698970004
JAK2	comp817	6.958607315
JAK2	comp818	5.2596373110000005
JAK2	comp819	7.568636236
JAK2	comp820	8.13667714
JAK2	comp821	7.455931956
JAK2	comp822	6.958607315
JAK2	comp823	6.920818754
JAK2	comp824	6.920818754
JAK2	comp825	6.251811973000001
JAK2	comp826	6.397940009
JAK2	comp827	7.920818754
JAK2	comp828	5.886056648
JAK2	comp829	6.721246399
JAK2	comp830	6.244125144
JAK2	comp831	6.958607315
JAK2	comp832	8.15490196
JAK2	comp833	6.408935393
JAK2	comp834	7.568636236
JAK2	comp835	7.37675071
JAK2	comp836	7.2596373110000005
JAK2	comp837	7.0
JAK2	comp838	7.408935393
JAK2	comp839	7.920818754
JAK2	comp840	5.657577319
JAK2	comp841	7.2596373110000005
JAK2	comp842	7.2596373110000005
JAK2	comp843	7.2596373110000005
JAK2	comp844	6.2596373110000005
JAK2	comp845	6.2596373110000005
JAK2	comp846	7.2596373110000005
JAK2	comp847	6.799998135
JAK2	comp848	7.7000571
JAK2	comp849	8.299988938
JAK2	comp850	7.995678626
JAK2	comp851	8.251811973
JAK2	comp852	7.744727495
JAK2	comp853	5.654822383
JAK2	comp854	4.914852188
JAK2	comp855	7.920818754
JAK2	comp856	7.346787486
JAK2	comp857	7.508638306
JAK2	comp858	5.931814138
JAK2	comp859	6.747146969
JAK2	comp860	8.508638306
JAK2	comp861	8.337242168
JAK2	comp862	7.537602002
JAK2	comp863	7.2596373110000005
JAK2	comp864	7.920818754
JAK2	comp865	7.366531544
JAK2	comp866	8.086186148
JAK2	comp867	7.148741651
JAK2	comp868	7.795880017
JAK2	comp869	8.568636236
JAK2	comp870	7.6989700039999995
JAK2	comp871	6.823908741
JAK2	comp872	8.22184875
JAK2	comp873	8.494850022
JAK2	comp874	5.931443105
JAK2	comp875	7.136855654
JAK2	comp876	7.494850022
JAK2	comp877	4.882728704
JAK2	comp878	8.522878745
JAK2	comp879	7.508638306
JAK2	comp880	7.744727495
JAK2	comp881	7.920818754
JAK2	comp882	7.387216143
JAK2	comp883	7.2076083109999995
JAK2	comp884	6.920818754
JAK2	comp885	7.958607315
JAK2	comp886	8.148741651
JAK2	comp887	7.508638306
JAK2	comp888	8.15490196
JAK2	comp889	8.823908741
JAK2	comp890	7.48148606
JAK2	comp891	6.181774106000001
JAK2	comp892	7.619788758
JAK2	comp893	7.769551079
JAK2	comp894	5.304168227
JAK2	comp895	5.811352704
JAK2	comp896	6.1062382379999995
JAK2	comp897	7.2596373110000005
JAK2	comp898	5.958607315
JAK2	comp899	7.455931956
JAK2	comp900	7.30980392
JAK2	comp901	7.48148606
JAK2	comp902	6.455931956000001
JAK2	comp903	5.585695312
JAK2	comp904	7.823908741
JAK2	comp905	7.119186408
JAK2	comp906	7.2076083109999995
JAK2	comp907	7.958607315
JAK2	comp908	8.795880017
JAK2	comp909	7.48148606
JAK2	comp910	7.48148606
JAK2	comp911	6.48148606
JAK2	comp912	5.8297382849999995
JAK2	comp913	7.853871964
JAK2	comp914	7.585026652
JAK2	comp915	7.455931956
JAK2	comp916	7.494850022
JAK2	comp917	7.070581074
JAK2	comp918	7.200659451
JAK2	comp919	7.657577319
JAK2	comp920	7.27572413
JAK3	comp1	7.638272164
JAK3	comp2	6.161150909
JAK3	comp3	6.515700161
JAK3	comp3	6.064492734
JAK3	comp4	6.605548319
JAK3	comp5	6.286509457
JAK3	comp6	6.370590400999999
JAK3	comp7	6.239577517
JAK3	comp8	6.6989700039999995
JAK3	comp9	6.425274416000001
JAK3	comp10	7.32330639
JAK3	comp11	6.647817482
JAK3	comp12	6.407823243
JAK3	comp13	7.1062382379999995
JAK3	comp14	6.467245621
JAK3	comp15	7.204119983
JAK3	comp16	7.3840499479999995
JAK3	comp17	7.137868621
JAK3	comp18	6.548213564
JAK3	comp19	6.46470588
JAK3	comp20	7.602059991
JAK3	comp21	7.707743929
JAK3	comp22	7.610833916
JAK3	comp23	7.76700389
JAK3	comp24	7.19314197
JAK3	comp25	7.441291429
JAK3	comp26	8.473660723
JAK3	comp27	7.559090918
JAK3	comp28	6.974694135
JAK3	comp29	8.617982957
JAK3	comp30	8.002613616
JAK3	comp31	8.053547735
JAK3	comp32	8.034328029
JAK3	comp33	6.503070352
JAK3	comp34	7.05207638
JAK3	comp35	8.63638802
JAK3	comp26	6.092051478
JAK3	comp36	6.504455662
JAK3	comp37	6.455931956000001
JAK3	comp38	7.15490196
JAK3	comp39	6.030164907
JAK3	comp40	7.229147988
JAK3	comp41	6.723538196
JAK3	comp42	6.0268721460000005
JAK3	comp43	6.468521083000001
JAK3	comp44	7.494850022
JAK3	comp45	6.3372421679999995
JAK3	comp46	6.504455662
JAK3	comp47	6.387216143
JAK3	comp48	5.841637508
JAK3	comp49	7.2596373110000005
JAK3	comp50	7.318758763
JAK3	comp51	6.025949097
JAK3	comp52	6.455931956000001
JAK3	comp53	7.167491087
JAK3	comp54	7.721246399
JAK3	comp55	7.13076828
JAK3	comp56	7.129011186
JAK3	comp57	6.809668302
JAK3	comp58	7.271646218
JAK3	comp59	7.318758763
JAK3	comp60	8.366531544
JAK3	comp61	6.703334809999999
JAK3	comp62	5.070581074
JAK3	comp63	6.494850022
JAK3	comp64	5.818156412
JAK3	comp30	8.002613616
JAK3	comp65	5.853871964
JAK3	comp66	6.815308569
JAK3	comp67	7.832682665
JAK3	comp68	5.2596373110000005
JAK3	comp69	7.109020403
JAK3	comp70	6.907595193000001
JAK3	comp71	7.769551079
JAK3	comp72	6.756961951
JAK3	comp73	6.214670164999999
JAK3	comp74	6.193820026
JAK3	comp75	4.850780887
JAK3	comp76	7.6989700039999995
JAK3	comp77	7.63638802
JAK3	comp78	8.102372909
JAK3	comp79	7.575118363
JAK3	comp80	7.886056648
JAK3	comp81	8.075720714
JAK3	comp82	8.455931956
JAK3	comp83	5.000043432
JAK3	comp84	5.2938798899999995
JAK3	comp85	5.812479279
JAK3	comp86	5.000043432
JAK3	comp87	6.142064735
JAK3	comp88	6.2596373110000005
JAK3	comp89	6.0969100130000005
JAK3	comp90	6.040958608
JAK3	comp91	5.8601209139999995
JAK3	comp92	6.166852888
JAK3	comp93	6.2596373110000005
JAK3	comp94	6.070581074
JAK3	comp95	6.167491087
JAK3	comp96	6.2596373110000005
JAK3	comp97	5.000043432
JAK3	comp98	6.244125144
JAK3	comp99	6.193820026
JAK3	comp100	6.045757491
JAK3	comp101	6.318758763
JAK3	comp102	6.283996655999999
JAK3	comp103	6.214670164999999
JAK3	comp104	6.214670164999999
JAK3	comp105	7.0177287669999995
JAK3	comp106	7.1804560639999995
JAK3	comp107	6.1804560639999995
JAK3	comp108	6.300162274
JAK3	comp109	6.187086643000001
JAK3	comp110	6.214670164999999
JAK3	comp111	6.2596373110000005
JAK3	comp112	6.552841969
JAK3	comp113	5.5851937199999995
JAK3	comp114	6.465973894
JAK3	comp115	6.6691805340000005
JAK3	comp116	6.318758763
JAK3	comp117	7.397940009
JAK3	comp118	6.455931956000001
JAK3	comp119	6.494850022
JAK3	comp120	8.148741651
JAK3	comp121	8.13076828
JAK3	comp122	8.148741651
JAK3	comp123	5.161150909
JAK3	comp124	7.2596373110000005
JAK3	comp125	6.308918508
JAK3	comp126	7.2596373110000005
JAK3	comp127	6.48148606
JAK3	comp128	6.48148606
JAK3	comp129	8.301029996
JAK3	comp130	6.0145735259999995
JAK3	comp131	5.101274818
JAK3	comp132	6.508638306
JAK3	comp133	7.020907099
JAK3	comp134	8.397940009
JAK3	comp135	8.259637311
JAK3	comp136	8.096910013
JAK3	comp137	8.187086643
JAK3	comp138	7.4202164029999995
JAK3	comp139	5.677780705
JAK3	comp140	7.823908741
JAK3	comp141	8.259637311
JAK3	comp142	5.2596373110000005
JAK3	comp143	7.735182177
JAK3	comp144	6.36552273
JAK3	comp145	5.2596373110000005
JAK3	comp146	6.752026734
JAK3	comp147	6.795880017
JAK3	comp148	5.993533958
JAK3	comp149	6.001740662
JAK3	comp150	5.2596373110000005
JAK3	comp151	5.578396073
JAK3	comp152	6.886056648
JAK3	comp153	5.199970641
JAK3	comp154	5.234480457
JAK3	comp155	7.779891912
JAK3	comp156	7.6989700039999995
JAK3	comp157	7.040958608
JAK3	comp158	7.137868621
JAK3	comp159	6.3372421679999995
JAK3	comp160	6.954677021
JAK3	comp161	6.0808957459999995
JAK3	comp162	6.661543506
JAK3	comp163	6.270025714
JAK3	comp164	6.167912813
JAK3	comp165	6.910094889
JAK3	comp166	8.795880017
JAK3	comp167	6.876148359
JAK3	comp168	6.619788758
JAK3	comp169	6.573488739
JAK3	comp170	7.41453927
JAK3	comp171	8.337242168
JAK3	comp172	8.22184875
JAK3	comp173	7.522878745
JAK3	comp174	6.272458743
JAK3	comp175	6.3010299960000005
JAK3	comp176	7.13667714
JAK3	comp177	8.301029996
JAK3	comp178	7.0
JAK3	comp179	6.031517051
JAK3	comp180	6.075720714
JAK3	comp181	6.73754891
JAK3	comp182	6.168770306
JAK3	comp183	6.585026652
JAK3	comp184	6.0177287669999995
JAK3	comp185	6.754487332
JAK3	comp186	6.619788758
JAK3	comp187	6.318758763
JAK3	comp188	7.0222763950000004
JAK3	comp189	5.585026652
JAK3	comp190	6.507239611
JAK3	comp191	6.187086643000001
JAK3	comp192	6.552841969
JAK3	comp193	6.124938737
JAK3	comp194	6.543633967
JAK3	comp195	5.2596373110000005
JAK3	comp196	5.824198367
JAK3	comp197	7.2596373110000005
JAK3	comp198	6.966576245000001
JAK3	comp199	6.060480747
JAK3	comp200	6.0969100130000005
JAK3	comp201	6.2596373110000005
JAK3	comp202	5.9430951489999995
JAK3	comp203	8.055517328
JAK3	comp204	6.078048347999999
JAK3	comp205	8.13667714
JAK3	comp206	5.2596373110000005
JAK3	comp207	6.996108834
JAK3	comp208	5.2596373110000005
JAK3	comp209	7.2596373110000005
JAK3	comp210	5.2596373110000005
JAK3	comp211	5.2596373110000005
JAK3	comp212	5.2596373110000005
JAK3	comp213	5.2596373110000005
JAK3	comp214	5.2596373110000005
JAK3	comp215	5.2596373110000005
JAK3	comp216	5.2596373110000005
JAK3	comp217	5.2596373110000005
JAK3	comp218	5.230622674
JAK3	comp219	5.2139587899999995
JAK3	comp220	5.222065950999999
JAK3	comp221	5.2596373110000005
JAK3	comp222	5.2596373110000005
JAK3	comp223	5.2596373110000005
JAK3	comp224	5.2596373110000005
JAK3	comp225	5.2596373110000005
JAK3	comp226	5.2596373110000005
JAK3	comp227	5.2596373110000005
JAK3	comp228	5.2596373110000005
JAK3	comp229	5.2596373110000005
JAK3	comp230	5.2596373110000005
JAK3	comp231	5.2596373110000005
JAK3	comp232	5.2596373110000005
JAK3	comp233	5.2596373110000005
JAK3	comp234	5.236572005999999
JAK3	comp235	5.2596373110000005
JAK3	comp236	5.2596373110000005
JAK3	comp237	5.2596373110000005
JAK3	comp238	5.2596373110000005
JAK3	comp239	5.2596373110000005
JAK3	comp240	5.2596373110000005
JAK3	comp241	5.2596373110000005
JAK3	comp242	5.2596373110000005
JAK3	comp243	5.2596373110000005
JAK3	comp244	5.2596373110000005
JAK3	comp245	5.2596373110000005
JAK3	comp246	5.2596373110000005
JAK3	comp247	5.253365801
JAK3	comp248	5.2596373110000005
JAK3	comp249	5.2596373110000005
JAK3	comp250	5.2596373110000005
JAK3	comp251	5.2596373110000005
JAK3	comp252	5.2596373110000005
JAK3	comp253	5.2596373110000005
JAK3	comp254	5.2596373110000005
JAK3	comp255	5.2596373110000005
JAK3	comp256	5.2596373110000005
JAK3	comp257	5.2596373110000005
JAK3	comp258	5.187487716
JAK3	comp259	5.2596373110000005
JAK3	comp260	5.2596373110000005
JAK3	comp261	5.2596373110000005
JAK3	comp262	5.657577319
JAK3	comp263	7.677780705
JAK3	comp264	7.638272164
JAK3	comp265	7.744727495
JAK3	comp266	4.537602002
JAK3	comp267	6.36552273
JAK3	comp268	6.387216143
JAK3	comp269	5.2596373110000005
JAK3	comp270	6.366531544
JAK3	comp271	6.366531544
JAK3	comp272	5.15490196
JAK3	comp273	5.053547735
JAK3	comp274	5.956378402
JAK3	comp275	6.366531544
JAK3	comp276	6.958607315
JAK3	comp277	6.367542708
JAK3	comp278	5.695940534
JAK3	comp279	7.222573178
JAK3	comp280	7.4202164029999995
JAK3	comp281	7.657577319
JAK3	comp282	7.121478204
JAK3	comp283	6.455931956000001
JAK3	comp284	6.8569852000000004
JAK3	comp285	6.343901798
JAK3	comp286	8.259637311
JAK3	comp287	8.055517328
JAK3	comp288	7.9913998280000005
JAK3	comp289	8.892528854
JAK3	comp290	5.637517525
JAK3	comp291	6.744727494999999
JAK3	comp292	7.494850022
JAK3	comp293	6.841637508
JAK3	comp294	5.175093529
JAK3	comp295	6.2182446250000005
JAK3	comp296	6.3861581780000005
JAK3	comp297	6.182196726
JAK3	comp298	6.269217724000001
JAK3	comp299	6.684029655
JAK3	comp300	7.0177287669999995
JAK3	comp301	6.407823243
JAK3	comp302	5.2596373110000005
JAK3	comp303	6.754487332
JAK3	comp304	7.537602002
JAK3	comp305	5.809668302
JAK3	comp306	5.2596373110000005
JAK3	comp307	7.37675071
JAK3	comp308	7.318758763
JAK3	comp309	7.0846001649999994
JAK3	comp310	7.290730039
JAK3	comp311	6.26760624
JAK3	comp312	7.744727495
JAK3	comp313	7.431798276
JAK3	comp314	7.37675071
JAK3	comp315	7.795880017
JAK3	comp316	7.4202164029999995
JAK3	comp317	6.347705298999999
JAK3	comp318	5.468521083000001
JAK3	comp319	5.6989700039999995
JAK3	comp320	5.000043432
JAK3	comp321	5.000043432
JAK3	comp322	5.989585547
JAK3	comp323	5.2596373110000005
JAK3	comp324	7.493494968
JAK3	comp325	6.441291429
JAK3	comp326	5.2596373110000005
JAK3	comp327	8.958607315
JAK3	comp328	6.104025268
JAK3	comp329	4.11407366
JAK3	comp330	5.461426266
JAK3	comp331	5.958607315
JAK3	comp332	5.616184634
JAK3	comp333	5.659754238
JAK3	comp334	5.725842151
JAK3	comp335	6.124938737
JAK3	comp336	6.568636236
JAK3	comp337	6.36552273
JAK3	comp338	6.721246399
JAK3	comp339	6.397940009
JAK3	comp340	6.769551079
JAK3	comp341	6.591760035
JAK3	comp342	6.301899454
JAK3	comp343	7.333482019
JAK3	comp344	6.733533104999999
JAK3	comp345	6.671620397
JAK3	comp346	6.283996655999999
JAK3	comp347	7.721246399
JAK3	comp348	7.188424994
JAK3	comp349	7.677780705
JAK3	comp350	7.906578315
JAK3	comp351	8.443697499
JAK3	comp352	6.457174573
JAK3	comp353	7.155522824
JAK3	comp354	6.358525889
JAK3	comp355	6.167491087
JAK3	comp356	7.494850022
JAK3	comp357	5.845271793
JAK3	comp358	7.173925197
JAK3	comp359	7.2596373110000005
JAK3	comp360	6.2076083109999995
JAK3	comp361	6.6989700039999995
JAK3	comp362	8.30980392
JAK3	comp363	6.103473783
JAK3	comp364	6.124938737
JAK3	comp365	5.643974142999999
JAK3	comp366	6.30980392
JAK3	comp367	5.906578315
JAK3	comp368	6.494850022
JAK3	comp369	6.48148606
JAK3	comp370	6.214670164999999
JAK3	comp371	7.878440156
JAK3	comp372	7.537602002
JAK3	comp373	7.5497508920000005
JAK3	comp374	5.552841969
JAK3	comp375	5.126679398
JAK3	comp376	5.278189385
JAK3	comp377	5.677780705
JAK3	comp378	5.2596373110000005
JAK3	comp379	5.465593101
JAK3	comp380	6.906578315
JAK3	comp381	5.496209317
JAK3	comp382	5.1824346299999995
JAK3	comp383	5.725842151
JAK3	comp384	5.053547735
JAK3	comp385	5.092051478
JAK3	comp386	5.2596373110000005
JAK3	comp387	5.505845406000001
JAK3	comp388	6.752026734
JAK3	comp389	6.40560745
JAK3	comp390	6.455931956000001
JAK3	comp391	6.795880017
JAK3	comp392	7.809668302
JAK3	comp393	8.022276395
JAK3	comp394	7.958607315
JAK3	comp395	6.283996655999999
JAK3	comp396	6.30980392
JAK3	comp397	6.705533774
JAK3	comp398	5.2596373110000005
JAK3	comp399	7.408935393
JAK3	comp400	7.200659451
JAK3	comp401	7.346787486
JAK3	comp402	5.540909210000001
JAK3	comp403	5.304518324
JAK3	comp404	5.842975625999999
JAK3	comp405	5.000043432
JAK3	comp406	5.130181792
JAK3	comp407	5.000043432
JAK3	comp408	5.606073993
JAK3	comp409	5.162916849
JAK3	comp410	5.187487716
JAK3	comp411	7.356547324
JAK3	comp412	7.744727495
JAK3	comp413	7.397940009
JAK3	comp414	8.283996656
JAK3	comp415	5.523023534
JAK3	comp416	6.568636236
JAK3	comp417	6.444905551
JAK3	comp418	6.677780705
JAK3	comp419	6.537602002
JAK3	comp420	7.408935393
JAK3	comp421	7.518987579
JAK3	comp422	7.744727495
JAK3	comp423	7.173925197
JAK3	comp424	7.560667306
JAK3	comp425	6.490797478
JAK3	comp426	7.30980392
JAK3	comp427	7.552841969
JAK3	comp428	8.180456064
JAK3	comp429	7.958607315
JAK3	comp430	8.22184875
JAK3	comp431	7.494850022
JAK3	comp432	7.823908741
JAK3	comp433	6.721246399
JAK3	comp434	7.853871964
JAK3	comp435	7.657577319
JAK3	comp436	8.26760624
JAK3	comp437	8.30980392
JAK3	comp438	7.744727495
JAK3	comp29	8.617982957
JAK3	comp26	6.092051478
JAK3	comp28	6.974694135
JAK3	comp25	7.441291429
JAK3	comp32	8.034328029
JAK3	comp27	7.559090918
JAK3	comp34	7.05207638
JAK3	comp33	6.503070352
JAK3	comp35	8.63638802
JAK3	comp22	7.610833916
JAK3	comp24	7.19314197
JAK3	comp21	7.707743929
JAK3	comp20	7.602059991
JAK3	comp13	7.1062382379999995
JAK3	comp10	7.32330639
JAK3	comp12	6.407823243
JAK3	comp11	6.647817482
JAK3	comp19	6.46470588
JAK3	comp16	7.3840499479999995
JAK3	comp15	7.204119983
JAK3	comp17	7.137868621
JAK3	comp9	6.425274416000001
JAK3	comp439	6.064492734
JAK3	comp8	6.6989700039999995
JAK3	comp2	6.161150909
JAK3	comp440	5.000043432
JAK3	comp441	5.2984320149999995
JAK3	comp442	6.061480275
JAK3	comp443	6.0969100130000005
JAK3	comp444	5.721246399
JAK3	comp445	5.6699922990000005
JAK3	comp446	6.982966661
JAK3	comp447	7.004364805
JAK3	comp448	6.0797827259999995
JAK3	comp449	7.538501473
JAK3	comp450	6.9788107010000004
JAK3	comp451	7.669586227
JAK3	comp452	7.769551079
JAK3	comp453	6.301899454
JAK3	comp454	6.417936637
JAK3	comp455	5.537602002
JAK3	comp456	5.828273546
JAK3	comp457	6.508638306
JAK3	comp458	5.02839948
JAK3	comp459	5.523023534
JAK3	comp460	5.000043432
JAK3	comp461	6.408935393
JAK3	comp462	6.366531544
JAK3	comp463	6.4749551929999996
JAK3	comp464	6.844663963
JAK3	comp465	6.148741651
JAK3	comp466	6.316952962
JAK3	comp467	6.367542708
JAK3	comp468	7.299296283
JAK3	comp469	5.754487332
JAK3	comp470	7.543633967
JAK3	comp471	6.796423225
JAK3	comp472	5.367340287
JAK3	comp473	4.468521083
JAK3	comp474	7.638272164
JAK3	comp475	4.11407366
JAK3	comp476	6.541830686
JAK3	comp477	6.2596373110000005
JAK3	comp478	6.585026652
JAK3	comp479	6.283996655999999
JAK3	comp480	6.920818754
JAK3	comp481	6.46233199
JAK3	comp482	8.522878745
JAK3	comp483	8.356547324
JAK3	comp484	8.853871964
JAK3	comp485	6.958607315
JAK3	comp486	6.2596373110000005
JAK3	comp487	5.920818754
JAK3	comp488	6.107905397
JAK3	comp489	6.0969100130000005
JAK3	comp490	6.124938737
JAK3	comp491	5.15864053
JAK3	comp492	5.7000571
JAK3	comp493	5.0809219080000005
JAK3	comp494	5.8601209139999995
JAK3	comp495	6.679853714
JAK3	comp496	7.173925197
JAK3	comp497	7.138465589
JAK3	comp498	7.142667504
JAK3	comp499	6.665164398
JAK3	comp500	5.07109231
JAK3	comp501	5.0
JAK3	comp502	6.1414628019999995
JAK3	comp503	6.0
JAK3	comp504	7.1804560639999995
JAK3	comp505	7.30980392
JAK3	comp506	7.366531544
JAK3	comp507	7.554395797
JAK3	comp508	7.37675071
JAK3	comp509	7.657577319
JAK3	comp510	7.431798276
JAK3	comp511	7.251811973
JAK3	comp512	5.931814138
JAK3	comp513	6.2596373110000005
JAK3	comp514	6.124360063
JAK3	comp515	6.187086643000001
JAK3	comp516	6.0
JAK3	comp517	7.455931956
JAK3	comp518	6.8756914469999995
JAK3	comp519	6.795880017
JAK3	comp520	7.744727495
JAK3	comp521	7.431798276
JAK3	comp522	7.2596373110000005
JAK3	comp523	7.26760624
JAK3	comp524	6.0969100130000005
JAK3	comp525	7.1804560639999995
JAK3	comp526	7.15490196
JAK3	comp527	7.244125144
JAK3	comp528	6.3010299960000005
JAK3	comp529	6.841637508
JAK3	comp530	6.3010299960000005
JAK3	comp531	6.327902142
JAK3	comp532	6.381951903
JAK3	comp533	6.397940009
JAK3	comp534	6.974694135
JAK3	comp535	7.324221658
JAK3	comp536	6.522878745
JAK3	comp537	6.4388986159999995
JAK3	comp538	6.187086643000001
JAK3	comp539	6.318758763
JAK3	comp540	6.913640169
JAK3	comp541	6.958607315
JAK3	comp542	6.262012674
JAK3	comp543	6.292429824
JAK3	comp544	6.382999659
JAK3	comp545	6.408935393
JAK3	comp546	6.619788758
JAK3	comp547	7.142667504
JAK3	comp548	6.2596373110000005
JAK3	comp549	6.27572413
JAK3	comp550	6.543633967
JAK3	comp551	6.030118356
JAK3	comp552	6.070581074
JAK3	comp553	6.329754147
JAK3	comp554	6.570926331
JAK3	comp555	6.187086643000001
JAK3	comp556	7.173925197
JAK3	comp557	6.723423318
JAK3	comp558	6.040958608
JAK3	comp559	6.149966742
JAK3	comp560	6.0809219080000005
JAK3	comp561	6.1804560639999995
JAK3	comp562	6.387216143
JAK3	comp563	6.616184634
JAK3	comp564	6.657577319
JAK3	comp565	6.251811973000001
JAK3	comp566	6.954677021
JAK3	comp567	6.59345982
JAK3	comp568	6.7746907180000004
JAK3	comp569	6.177178355000001
JAK3	comp570	6.619788758
JAK3	comp571	6.251811973000001
JAK3	comp572	6.602059991
JAK3	comp573	6.37675071
JAK3	comp574	6.571865206
JAK3	comp575	6.227678293
JAK3	comp576	6.619788758
JAK3	comp577	6.619788758
JAK3	comp578	6.407068604
JAK3	comp579	6.300162274
JAK3	comp580	6.318758763
JAK3	comp581	5.942714356
JAK3	comp582	6.465707304
JAK3	comp583	7.187086643
JAK3	comp584	6.356547324
JAK3	comp585	6.552841969
JAK3	comp586	7.2596373110000005
JAK3	comp587	6.6989700039999995
JAK3	comp588	7.26760624
JAK3	comp589	7.494850022
JAK3	comp590	6.26760624
JAK3	comp591	9.094120506
JAK3	comp592	6.431798276
JAK3	comp593	6.431798276
JAK3	comp594	6.468521083000001
JAK3	comp595	6.677780705
JAK3	comp596	6.401209493
JAK3	comp597	6.2596373110000005
JAK3	comp598	6.489709743000001
JAK3	comp599	8.259637311
JAK3	comp600	6.537602002
JAK3	comp601	6.730487055999999
JAK3	comp602	6.769551079
JAK3	comp603	8.207608311
JAK3	comp604	6.119186408
JAK3	comp605	7.327902142
JAK3	comp606	6.289882635
JAK3	comp607	7.268411235
JAK3	comp608	6.227678293
JAK3	comp609	6.251811973000001
JAK3	comp610	5.677780705
JAK3	comp611	6.408935393
JAK3	comp612	6.4202164029999995
JAK3	comp613	7.060480747
JAK3	comp614	6.318758763
JAK3	comp615	6.465973894
JAK3	comp616	6.4202164029999995
JAK3	comp617	6.508638306
JAK3	comp618	5.939566593
JAK3	comp619	6.1804560639999995
JAK3	comp620	6.203425666999999
JAK3	comp621	6.1542819820000005
JAK3	comp622	6.229884705
JAK3	comp623	6.543633967
JAK3	comp624	6.7746907180000004
JAK3	comp625	6.823908741
JAK3	comp626	6.007446482000001
JAK3	comp627	6.619788758
JAK3	comp628	6.657577319
JAK3	comp629	6.465681923
JAK3	comp630	6.036212173
JAK3	comp631	6.492144128
JAK3	comp632	8.251811973
JAK3	comp633	6.638272164
JAK3	comp634	6.312471039
JAK3	comp635	6.876148359
JAK3	comp636	6.853871964
JAK3	comp637	6.920818754
JAK3	comp638	7.153724758
JAK3	comp639	7.200659451
JAK3	comp640	7.522878745
JAK3	comp641	5.0222763950000004
JAK3	comp642	6.6602306559999995
JAK3	comp643	6.6989700039999995
JAK3	comp644	7.2596373110000005
JAK3	comp645	6.076238039
JAK3	comp646	6.503070352
JAK3	comp647	6.573618884
JAK3	comp648	7.6989700039999995
JAK3	comp649	7.324221658
JAK3	comp650	7.408935393
JAK3	comp651	6.619788758
JAK3	comp652	7.795880017
JAK3	comp653	7.387216143
JAK3	comp654	7.677780705
JAK3	comp655	6.105683937
JAK3	comp656	6.468521083000001
JAK3	comp657	6.53165267
JAK3	comp658	7.408935393
JAK3	comp659	6.879426069
JAK3	comp660	7.48148606
JAK3	comp661	6.102372909
JAK3	comp662	6.568636236
JAK3	comp663	6.920818754
JAK3	comp664	7.552841969
JAK3	comp665	7.161150909
JAK3	comp666	5.161150909
JAK3	comp667	5.823908741
JAK3	comp668	8.522878745
JAK3	comp669	6.107348966
JAK3	comp670	8.431798276
JAK3	comp671	5.2596373110000005
JAK3	comp672	7.261219442
JAK3	comp673	6.0915149809999996
JAK3	comp674	6.815308569
JAK3	comp675	5.638272164
JAK3	comp676	6.886056648
JAK3	comp677	6.565431096
JAK3	comp678	5.960189445999999
JAK3	comp679	6.124938737
JAK3	comp680	5.694433686
JAK3	comp681	5.744727494999999
JAK3	comp682	6.366531544
JAK3	comp683	7.628932138
JAK3	comp684	9.15490196
JAK3	comp684	7.6556077259999995
JAK3	comp1	7.638272164
JAK3	comp685	8.22184875
JAK3	comp686	7.744727495
JAK3	comp687	7.187086643
JAK3	comp688	7.455931956
JAK3	comp689	7.327902142
JAK3	comp690	6.3840499479999995
JAK3	comp691	8.602059991
JAK3	comp692	6.886056648
JAK3	comp693	7.494850022
JAK3	comp694	6.628932138
JAK3	comp695	6.397940009
JAK3	comp696	5.677780705
JAK3	comp697	5.7907531510000005
JAK3	comp698	5.838631998
JAK3	comp699	5.504455662
JAK3	comp700	5.7753685400000006
JAK3	comp701	4.906578315
JAK3	comp702	4.599997654
JAK3	comp703	4.744727495
JAK3	comp704	5.53313238
JAK3	comp705	5.8996294549999995
JAK3	comp706	6.102372909
JAK3	comp707	7.200659451
JAK3	comp708	6.149353765
JAK3	comp709	6.102372909
JAK3	comp710	6.102372909
JAK3	comp711	6.0
JAK3	comp712	6.527185064
JAK3	comp713	6.167491087
JAK3	comp714	6.387216143
JAK3	comp715	6.229147987999999
JAK3	comp716	6.2596373110000005
JAK3	comp717	7.0
JAK3	comp718	5.596707855
JAK3	comp719	7.397940009
JAK3	comp720	7.455931956
JAK3	comp721	6.227678293
JAK3	comp722	8.259637311
JAK3	comp723	8.522878745
JAK3	comp724	8.036212173
JAK3	comp725	8.045757491
JAK3	comp726	6.46470588
JAK3	comp727	6.508638306
JAK3	comp5	6.286509457
JAK3	comp728	6.634512015
JAK3	comp729	5.0
JAK3	comp729	6.058985756
JAK3	comp730	6.3010299960000005
JAK3	comp731	6.130539456
JAK3	comp732	6.508638306
JAK3	comp733	6.161150909
JAK3	comp734	6.403402904
JAK3	comp735	6.443697499000001
JAK3	comp736	6.381742655
JAK3	comp737	6.2596373110000005
JAK3	comp738	6.4388986159999995
JAK3	comp739	6.346787486
JAK3	comp740	6.346787486
JAK3	comp741	5.404063094
JAK3	comp742	5.935542011
JAK3	comp743	6.886056648
JAK3	comp744	6.327902142
JAK3	comp745	7.671620397
JAK3	comp746	7.113509275
JAK3	comp747	7.642065153
JAK3	comp748	7.408935393
JAK3	comp749	7.465973894
JAK3	comp750	7.124938737
JAK3	comp751	7.30980392
JAK3	comp752	7.769551079
JAK3	comp753	7.2596373110000005
JAK3	comp754	7.085339569
JAK3	comp755	7.744727495
JAK3	comp756	7.48148606
JAK3	comp757	7.366531544
JAK3	comp758	7.886056648
JAK3	comp759	7.3010299960000005
JAK3	comp760	7.13667714
JAK3	comp761	6.388276692
JAK3	comp762	6.219682688
JAK3	comp763	6.244125144
JAK3	comp764	6.657577319
JAK3	comp765	7.7746907180000004
JAK3	comp766	7.677780705
JAK3	comp767	6.007446482000001
JAK3	comp768	6.036212173
JAK3	comp769	7.619788758
JAK3	comp770	8.096910013
JAK3	comp771	7.522878745
JAK3	comp772	6.387216143
JAK3	comp773	7.721246399
JAK3	comp774	7.619788758
JAK3	comp775	6.7746907180000004
JAK3	comp776	6.823908741
JAK3	comp777	6.390501637
JAK3	comp778	6.13076828
JAK3	comp779	6.378823718
JAK3	comp780	6.356547324
JAK3	comp781	6.431798276
JAK3	comp782	6.552841969
JAK3	comp783	6.638272164
JAK3	comp784	6.677780705
JAK3	comp785	6.537602002
JAK3	comp786	6.6989700039999995
JAK3	comp787	6.173925197
JAK3	comp788	6.444264865
JAK3	comp789	6.958607315
JAK3	comp790	6.744727494999999
JAK3	comp791	7.119186408
JAK3	comp792	6.537602002
JAK3	comp793	6.744727494999999
JAK3	comp794	7.004364805
JAK3	comp795	6.443697499000001
JAK3	comp796	6.065501549
JAK3	comp797	7.0861861479999995
JAK3	comp798	6.616184634
JAK3	comp799	6.552841969
JAK3	comp800	6.283996655999999
JAK3	comp801	6.356547324
JAK3	comp802	6.285754089
JAK3	comp803	6.356547324
JAK3	comp804	6.07673007
JAK3	comp805	6.102372909
JAK3	comp806	6.721246399
JAK3	comp807	6.0809219080000005
JAK3	comp808	6.117475462
JAK3	comp809	6.142667504
JAK3	comp810	6.327902142
JAK3	comp811	6.366531544
JAK3	comp812	6.327902142
JAK3	comp813	7.460923901
JAK3	comp814	7.522878745
JAK3	comp815	8.096910013
JAK3	comp816	6.455931956000001
JAK3	comp817	7.515700161
JAK3	comp818	5.187153463
JAK3	comp819	6.123205024000001
JAK3	comp820	6.161150909
JAK3	comp821	6.187086643000001
JAK3	comp822	6.015472687
JAK3	comp823	6.300162274
JAK3	comp824	6.187086643000001
JAK3	comp825	6.167491087
JAK3	comp826	6.366531544
JAK3	comp827	6.777283529
JAK3	comp828	5.602059991
JAK3	comp829	6.060480747
JAK3	comp830	5.2596373110000005
JAK3	comp831	8.013228266
JAK3	comp832	7.638272164
JAK3	comp833	6.958607315
JAK3	comp834	5.515700161
JAK3	comp835	8.107905397
JAK3	comp836	8.15490196
JAK3	comp837	6.148741651
JAK3	comp838	6.552841969
JAK3	comp839	7.2596373110000005
JAK3	comp840	5.639406586
JAK3	comp841	5.2596373110000005
JAK3	comp842	5.2596373110000005
JAK3	comp843	5.2596373110000005
JAK3	comp844	5.2596373110000005
JAK3	comp845	5.2596373110000005
JAK3	comp846	5.1958605680000005
JAK3	comp847	5.489626597
JAK3	comp848	5.612610174
JAK3	comp849	6.742321425
JAK3	comp850	7.677780705
JAK3	comp851	8.698970004
JAK3	comp852	7.346787486
JAK3	comp853	5.26760624
JAK3	comp854	5.30434324
JAK3	comp855	6.619788758
JAK3	comp856	6.283996655999999
JAK3	comp857	6.6989700039999995
JAK3	comp858	5.721246399
JAK3	comp859	5.278189385
JAK3	comp860	7.920818754
JAK3	comp861	7.958607315
JAK3	comp862	7.638272164
JAK3	comp863	5.2596373110000005
JAK3	comp864	6.705533774
JAK3	comp865	6.6846595230000005
JAK3	comp866	7.48148606
JAK3	comp867	6.537602002
JAK3	comp868	7.657577319
JAK3	comp869	8.050609993
JAK3	comp870	5.823908741
JAK3	comp871	5.64911458
JAK3	comp872	5.886056648
JAK3	comp873	6.37675071
JAK3	comp874	6.045757491
JAK3	comp875	6.844663963
JAK3	comp876	6.876148359
JAK3	comp877	5.211831629000001
JAK3	comp878	5.750312572
JAK3	comp879	6.327902142
JAK3	comp880	7.196542884
JAK3	comp881	7.37675071
JAK3	comp882	6.0809219080000005
JAK3	comp883	6.004364805
JAK3	comp884	6.004364805
JAK3	comp885	7.045757491
JAK3	comp886	6.659555885
JAK3	comp887	6.2596373110000005
JAK3	comp888	5.924453038999999
JAK3	comp889	6.552841969
JAK3	comp890	6.455931956000001
JAK3	comp891	7.395773947
JAK3	comp892	7.346787486
JAK3	comp893	7.48148606
JAK3	comp894	6.510041521
JAK3	comp895	6.122053048
JAK3	comp896	5.853871964
JAK3	comp897	8.148741651
JAK3	comp898	5.142667504
JAK3	comp899	6.075720714
JAK3	comp900	7.200659451
JAK3	comp901	6.568636236
JAK3	comp902	6.494850022
JAK3	comp903	5.530030791
JAK3	comp904	6.730487055999999
JAK3	comp905	5.621900211
JAK3	comp906	6.020907099
JAK3	comp907	6.408935393
JAK3	comp908	8.431798276
JAK3	comp909	7.326058001
JAK3	comp910	7.387216143
JAK3	comp911	7.494850022
JAK3	comp912	7.886056648
JAK3	comp913	7.643974143
JAK3	comp914	6.388276692
JAK3	comp915	6.6989700039999995
JAK3	comp916	7.073657553
JAK3	comp917	6.167491087
JAK3	comp918	6.48148606
JAK3	comp919	7.040672354
JAK3	comp920	5.91150953
TYK2	comp1	6.956637722
TYK2	comp2	6.232102384
TYK2	comp3	5.378823718
TYK2	comp3	5.91649738
TYK2	comp4	6.148741651
TYK2	comp5	5.87095494
TYK2	comp6	7.3106911409999995
TYK2	comp7	6.6989700039999995
TYK2	comp8	6.2240256689999995
TYK2	comp9	6.181972158000001
TYK2	comp10	6.8728952020000005
TYK2	comp11	7.054531415
TYK2	comp12	7.101823517
TYK2	comp13	7.017276612
TYK2	comp14	6.559090918
TYK2	comp15	7.223298816
TYK2	comp16	7.306273051
TYK2	comp17	7.3695721249999995
TYK2	comp18	7.290730039
TYK2	comp19	6.920818754
TYK2	comp20	6.559090918
TYK2	comp21	7.209714836
TYK2	comp22	6.815308569
TYK2	comp23	6.809668302
TYK2	comp24	6.297569464
TYK2	comp25	7.313363731
TYK2	comp26	8.070581074
TYK2	comp27	7.099632871
TYK2	comp28	6.793174124
TYK2	comp29	8.171984936
TYK2	comp30	7.315154638
TYK2	comp31	6.804100348
TYK2	comp32	6.511449283
TYK2	comp33	6.15739076
TYK2	comp34	6.935542011
TYK2	comp35	8.087777943
TYK2	comp26	6.0268721460000005
TYK2	comp36	8.259637311
TYK2	comp37	6.236572005999999
TYK2	comp38	7.552841969
TYK2	comp39	7.15490196
TYK2	comp40	7.187086643
TYK2	comp41	8.036212173
TYK2	comp42	6.508638306
TYK2	comp43	7.346787486
TYK2	comp44	8.537602002
TYK2	comp45	7.251811973
TYK2	comp46	6.585026652
TYK2	comp47	6.522878745
TYK2	comp48	7.958607315
TYK2	comp49	8.036212173
TYK2	comp50	8.036212173
TYK2	comp51	8.585026652
TYK2	comp52	6.823908741
TYK2	comp53	7.008773924
TYK2	comp54	6.958607315
TYK2	comp55	8.585026652
TYK2	comp56	7.522878745
TYK2	comp57	6.408935393
TYK2	comp58	6.397940009
TYK2	comp59	6.721246399
TYK2	comp60	7.468521083
TYK2	comp61	6.292429824
TYK2	comp62	4.590066877
TYK2	comp63	6.886056648
TYK2	comp64	5.896538378
TYK2	comp30	7.315154638
TYK2	comp65	7.8927900300000005
TYK2	comp66	5.787226626
TYK2	comp67	8.22184875
TYK2	comp68	6.747146969
TYK2	comp69	6.823908741
TYK2	comp70	6.167491087
TYK2	comp71	6.677780705
TYK2	comp72	5.886056648
TYK2	comp73	7.060480747
TYK2	comp74	5.696803943
TYK2	comp75	7.455931956
TYK2	comp76	5.7639668529999994
TYK2	comp77	5.401756808
TYK2	comp78	5.929592678000001
TYK2	comp79	5.674279142
TYK2	comp80	5.662540739000001
TYK2	comp81	5.640164518000001
TYK2	comp82	5.505845406000001
TYK2	comp83	6.508638306
TYK2	comp84	6.638272164
TYK2	comp85	7.522878745
TYK2	comp86	6.920818754
TYK2	comp87	7.327902142
TYK2	comp88	7.3010299960000005
TYK2	comp89	7.075720714
TYK2	comp90	7.0969100130000005
TYK2	comp91	7.229147988
TYK2	comp92	6.494850022
TYK2	comp93	6.795880017
TYK2	comp94	6.795880017
TYK2	comp95	7.0
TYK2	comp96	6.408935393
TYK2	comp97	7.602059991
TYK2	comp98	6.638272164
TYK2	comp99	6.494850022
TYK2	comp100	6.638272164
TYK2	comp101	6.468521083000001
TYK2	comp102	6.408935393
TYK2	comp103	7.167491087
TYK2	comp104	6.48148606
TYK2	comp105	7.568636236
TYK2	comp106	6.075720714
TYK2	comp107	6.0132282660000005
TYK2	comp108	6.958607315
TYK2	comp109	7.004364805
TYK2	comp110	7.004364805
TYK2	comp111	6.004364805
TYK2	comp112	8.259637311
TYK2	comp113	5.102372909
TYK2	comp114	6.769551079
TYK2	comp115	6.677780705
TYK2	comp116	6.3372421679999995
TYK2	comp117	5.249954688
TYK2	comp118	7.0
TYK2	comp119	7.0
TYK2	comp120	6.2596373110000005
TYK2	comp121	6.2596373110000005
TYK2	comp122	6.2596373110000005
TYK2	comp123	6.958607315
TYK2	comp124	7.494850022
TYK2	comp125	7.552841969
TYK2	comp126	7.552841969
TYK2	comp127	7.602059991
TYK2	comp128	7.602059991
TYK2	comp129	9.0
TYK2	comp130	9.0
TYK2	comp131	5.27572413
TYK2	comp132	8.677780705
TYK2	comp133	8.013228266
TYK2	comp134	9.259637311
TYK2	comp135	8.920818754
TYK2	comp136	8.259637311
TYK2	comp137	8.823908741
TYK2	comp138	8.200659451
TYK2	comp139	5.568636236
TYK2	comp140	6.795880017
TYK2	comp141	7.200659451
TYK2	comp142	6.2596373110000005
TYK2	comp143	6.823908741
TYK2	comp144	7.522878745
TYK2	comp145	5.2596373110000005
TYK2	comp146	7.142667504
TYK2	comp147	7.142667504
TYK2	comp148	5.837734386
TYK2	comp149	7.958607315
TYK2	comp150	7.2596373110000005
TYK2	comp151	5.328827157
TYK2	comp152	7.132768285
TYK2	comp153	6.2596373110000005
TYK2	comp154	7.2596373110000005
TYK2	comp155	6.958607315
TYK2	comp156	7.102372909
TYK2	comp157	7.853871964
TYK2	comp158	8.065501549
TYK2	comp159	7.853871964
TYK2	comp160	7.568636236
TYK2	comp161	7.6989700039999995
TYK2	comp162	8.124938737
TYK2	comp163	7.468521083
TYK2	comp164	7.823908741
TYK2	comp165	7.468521083
TYK2	comp166	7.853871964
TYK2	comp167	7.3372421679999995
TYK2	comp168	7.2218487499999995
TYK2	comp169	6.721246399
TYK2	comp170	7.283996656
TYK2	comp171	8.15490196
TYK2	comp172	7.0132282660000005
TYK2	comp173	6.552841969
TYK2	comp174	6.568636236
TYK2	comp175	6.568636236
TYK2	comp176	6.886056648
TYK2	comp177	8.096910013
TYK2	comp178	6.621602099
TYK2	comp179	6.48148606
TYK2	comp180	6.48148606
TYK2	comp181	6.522878745
TYK2	comp182	6.283996655999999
TYK2	comp183	6.48148606
TYK2	comp184	6.148741651
TYK2	comp185	6.6989700039999995
TYK2	comp186	7.0132282660000005
TYK2	comp187	6.931814138
TYK2	comp188	7.537602002
TYK2	comp189	5.455931956000001
TYK2	comp190	7.795880017
TYK2	comp191	8.443697499
TYK2	comp192	8.443697499
TYK2	comp193	8.102372909
TYK2	comp194	6.886056648
TYK2	comp195	6.2596373110000005
TYK2	comp196	6.040958608
TYK2	comp197	6.3106911409999995
TYK2	comp198	6.744727494999999
TYK2	comp199	7.387216143
TYK2	comp200	7.387216143
TYK2	comp201	8.522878745
TYK2	comp202	7.142667504
TYK2	comp203	7.408935393
TYK2	comp204	7.853871964
TYK2	comp205	7.2596373110000005
TYK2	comp206	7.2596373110000005
TYK2	comp207	7.040958608
TYK2	comp208	6.2596373110000005
TYK2	comp209	7.48148606
TYK2	comp210	6.2596373110000005
TYK2	comp211	7.2596373110000005
TYK2	comp212	7.2596373110000005
TYK2	comp213	6.2596373110000005
TYK2	comp214	6.2596373110000005
TYK2	comp215	7.2596373110000005
TYK2	comp216	6.2596373110000005
TYK2	comp217	6.2596373110000005
TYK2	comp218	7.2596373110000005
TYK2	comp219	6.2596373110000005
TYK2	comp220	7.2596373110000005
TYK2	comp221	6.2596373110000005
TYK2	comp222	7.2596373110000005
TYK2	comp223	7.2596373110000005
TYK2	comp224	7.2596373110000005
TYK2	comp225	7.2596373110000005
TYK2	comp226	7.2596373110000005
TYK2	comp227	7.2596373110000005
TYK2	comp228	7.2596373110000005
TYK2	comp229	7.2596373110000005
TYK2	comp230	7.2596373110000005
TYK2	comp231	7.2596373110000005
TYK2	comp232	7.2596373110000005
TYK2	comp233	7.2596373110000005
TYK2	comp234	7.2596373110000005
TYK2	comp235	7.2596373110000005
TYK2	comp236	7.2596373110000005
TYK2	comp237	6.2596373110000005
TYK2	comp238	7.2596373110000005
TYK2	comp239	7.2596373110000005
TYK2	comp240	6.2596373110000005
TYK2	comp241	7.2596373110000005
TYK2	comp242	7.2596373110000005
TYK2	comp243	6.2596373110000005
TYK2	comp244	7.2596373110000005
TYK2	comp245	6.2596373110000005
TYK2	comp246	7.2596373110000005
TYK2	comp247	6.2596373110000005
TYK2	comp248	5.2596373110000005
TYK2	comp249	7.2596373110000005
TYK2	comp250	7.2596373110000005
TYK2	comp251	7.2596373110000005
TYK2	comp252	7.2596373110000005
TYK2	comp253	7.2596373110000005
TYK2	comp254	7.2596373110000005
TYK2	comp255	7.2596373110000005
TYK2	comp256	7.2596373110000005
TYK2	comp257	7.2596373110000005
TYK2	comp258	7.2596373110000005
TYK2	comp259	7.2596373110000005
TYK2	comp260	5.2596373110000005
TYK2	comp261	6.2596373110000005
TYK2	comp262	5.700000504
TYK2	comp263	7.801342913
TYK2	comp264	5.888401475
TYK2	comp265	8.318758763
TYK2	comp266	4.700000069
TYK2	comp267	6.399996913
TYK2	comp268	6.499996932
TYK2	comp269	5.599999383
TYK2	comp270	6.099999035
TYK2	comp271	6.399996913
TYK2	comp272	5.200000236999999
TYK2	comp273	5.100000128
TYK2	comp274	6.199998172
TYK2	comp275	6.299997603
TYK2	comp276	6.799998135
TYK2	comp277	6.399996913
TYK2	comp278	7.522878745
TYK2	comp279	7.527243551
TYK2	comp280	7.240332155
TYK2	comp281	7.823908741
TYK2	comp282	5.286425462
TYK2	comp283	6.299997603
TYK2	comp284	6.0990869320000005
TYK2	comp285	6.088309841
TYK2	comp286	7.2596373110000005
TYK2	comp287	7.643974143
TYK2	comp288	8.040958608
TYK2	comp289	8.337242168
TYK2	comp290	5.328827157
TYK2	comp291	6.358525889
TYK2	comp292	5.700492701
TYK2	comp293	6.88941029
TYK2	comp294	5.690369833
TYK2	comp295	5.9030899869999995
TYK2	comp296	7.744727495
TYK2	comp297	7.102372909
TYK2	comp298	6.537602002
TYK2	comp299	7.15490196
TYK2	comp300	8.721246399
TYK2	comp301	7.1804560639999995
TYK2	comp302	5.638272164
TYK2	comp303	6.958607315
TYK2	comp304	7.346787486
TYK2	comp305	6.161150909
TYK2	comp306	7.494850022
TYK2	comp307	6.823908741
TYK2	comp308	6.585026652
TYK2	comp309	6.48148606
TYK2	comp310	6.431798276
TYK2	comp311	6.15490196
TYK2	comp312	6.431798276
TYK2	comp313	6.823908741
TYK2	comp314	6.585026652
TYK2	comp315	6.769551079
TYK2	comp316	6.769551079
TYK2	comp317	8.22184875
TYK2	comp318	7.721246399
TYK2	comp319	7.769551079
TYK2	comp320	7.6989700039999995
TYK2	comp321	6.434152181
TYK2	comp322	5.970616222
TYK2	comp323	7.318758763
TYK2	comp324	7.759450752
TYK2	comp325	6.236572005999999
TYK2	comp326	5.2596373110000005
TYK2	comp327	7.4202164029999995
TYK2	comp328	7.214670165
TYK2	comp329	5.200000236999999
TYK2	comp330	6.099999035
TYK2	comp331	6.599997654
TYK2	comp332	5.599999383
TYK2	comp333	6.399996913
TYK2	comp334	6.099999035
TYK2	comp335	6.499996932
TYK2	comp336	6.102372909
TYK2	comp337	7.187086643
TYK2	comp338	7.27572413
TYK2	comp339	7.187086643
TYK2	comp340	7.27572413
TYK2	comp341	6.214670164999999
TYK2	comp342	6.494850022
TYK2	comp343	6.537602002
TYK2	comp344	7.0
TYK2	comp345	8.552841969
TYK2	comp346	6.958607315
TYK2	comp347	6.826813732
TYK2	comp348	6.522878745
TYK2	comp349	6.397940009
TYK2	comp350	7.455931956
TYK2	comp351	7.602059991
TYK2	comp352	6.397940009
TYK2	comp353	6.974694135
TYK2	comp354	6.508638306
TYK2	comp355	7.040958608
TYK2	comp356	8.920818754
TYK2	comp357	7.886056648
TYK2	comp358	7.346787486
TYK2	comp359	7.107905397
TYK2	comp360	6.13667714
TYK2	comp361	6.8569852000000004
TYK2	comp362	7.0969100130000005
TYK2	comp363	6.721246399
TYK2	comp364	7.886056648
TYK2	comp365	7.15490196
TYK2	comp366	6.6989700039999995
TYK2	comp367	5.321845961999999
TYK2	comp368	6.149568209
TYK2	comp369	6.769551079
TYK2	comp370	6.236572005999999
TYK2	comp371	6.585026652
TYK2	comp372	6.366531544
TYK2	comp373	6.835647144
TYK2	comp374	6.958607315
TYK2	comp375	6.235077015
TYK2	comp376	5.958607315
TYK2	comp377	6.4461169730000005
TYK2	comp378	6.478861916
TYK2	comp379	6.437707136
TYK2	comp380	7.607303047
TYK2	comp381	6.616184634
TYK2	comp382	6.235077015
TYK2	comp383	6.4461169730000005
TYK2	comp384	6.490797478
TYK2	comp385	6.0565054840000005
TYK2	comp386	6.478861916
TYK2	comp387	6.437707136
TYK2	comp388	6.619788758
TYK2	comp389	6.318758763
TYK2	comp390	6.356547324
TYK2	comp391	6.619788758
TYK2	comp392	7.214670165
TYK2	comp393	6.585026652
TYK2	comp394	7.214670165
TYK2	comp395	6.443697499000001
TYK2	comp396	6.443697499000001
TYK2	comp397	5.292089334
TYK2	comp398	7.2596373110000005
TYK2	comp399	7.283996656
TYK2	comp400	5.628562683
TYK2	comp401	9.0
TYK2	comp402	7.27572413
TYK2	comp403	7.075720714
TYK2	comp404	7.958607315
TYK2	comp405	7.2076083109999995
TYK2	comp406	7.2076083109999995
TYK2	comp407	7.638272164
TYK2	comp408	7.795880017
TYK2	comp409	7.552841969
TYK2	comp410	7.638272164
TYK2	comp411	8.004364805
TYK2	comp412	6.101823517
TYK2	comp413	8.552841969
TYK2	comp414	5.814741235
TYK2	comp415	5.173925197
TYK2	comp416	6.705533774
TYK2	comp417	6.607303047
TYK2	comp418	6.795880017
TYK2	comp419	7.148741651
TYK2	comp420	7.356547324
TYK2	comp421	7.4202164029999995
TYK2	comp422	7.0268721460000005
TYK2	comp423	7.187086643
TYK2	comp424	7.468521083
TYK2	comp425	6.823908741
TYK2	comp426	7.37675071
TYK2	comp427	7.2076083109999995
TYK2	comp428	7.585026652
TYK2	comp429	7.494850022
TYK2	comp430	7.619788758
TYK2	comp431	7.356547324
TYK2	comp432	6.958607315
TYK2	comp433	7.214670165
TYK2	comp434	7.0268721460000005
TYK2	comp435	7.468521083
TYK2	comp436	7.585026652
TYK2	comp437	7.619788758
TYK2	comp438	7.3372421679999995
TYK2	comp29	8.171984936
TYK2	comp26	6.0268721460000005
TYK2	comp28	6.793174124
TYK2	comp25	7.313363731
TYK2	comp32	6.511449283
TYK2	comp27	7.099632871
TYK2	comp34	6.935542011
TYK2	comp33	6.15739076
TYK2	comp35	8.087777943
TYK2	comp22	6.815308569
TYK2	comp24	6.297569464
TYK2	comp21	7.209714836
TYK2	comp20	6.559090918
TYK2	comp13	7.017276612
TYK2	comp10	6.8728952020000005
TYK2	comp12	7.101823517
TYK2	comp11	7.054531415
TYK2	comp19	6.920818754
TYK2	comp16	7.306273051
TYK2	comp15	7.223298816
TYK2	comp17	7.3695721249999995
TYK2	comp9	6.181972158000001
TYK2	comp439	5.91649738
TYK2	comp8	6.2240256689999995
TYK2	comp2	6.232102384
TYK2	comp440	7.823908741
TYK2	comp441	8.096910013
TYK2	comp442	6.677780705
TYK2	comp443	6.677780705
TYK2	comp444	5.251811973000001
TYK2	comp445	5.251811973000001
TYK2	comp446	7.124360063
TYK2	comp447	7.075720714
TYK2	comp448	6.6989700039999995
TYK2	comp449	6.590912631
TYK2	comp450	5.8233300670000006
TYK2	comp451	8.15490196
TYK2	comp452	8.15490196
TYK2	comp453	6.853871964
TYK2	comp454	7.443697499
TYK2	comp455	5.537602002
TYK2	comp456	6.193820026
TYK2	comp457	6.468521083000001
TYK2	comp458	5.14691047
TYK2	comp459	5.37675071
TYK2	comp460	5.031517051
TYK2	comp461	6.283996655999999
TYK2	comp462	6.958607315
TYK2	comp463	6.508638306
TYK2	comp464	6.823908741
TYK2	comp465	5.853871964
TYK2	comp466	6.193820026
TYK2	comp467	7.920818754
TYK2	comp468	6.9913998280000005
TYK2	comp469	8.361510743
TYK2	comp470	7.345823458
TYK2	comp471	6.753747688
TYK2	comp472	8.714442691
TYK2	comp473	8.649751982
TYK2	comp474	7.4895890519999995
TYK2	comp475	7.404173223
TYK2	comp476	6.677780705
TYK2	comp477	6.443697499000001
TYK2	comp478	6.677780705
TYK2	comp479	6.443697499000001
TYK2	comp480	6.744727494999999
TYK2	comp481	6.696803943
TYK2	comp482	7.568636236
TYK2	comp483	6.744727494999999
TYK2	comp484	6.920818754
TYK2	comp485	5.6989700039999995
TYK2	comp486	6.284832642
TYK2	comp487	5.8927900300000005
TYK2	comp488	6.6989700039999995
TYK2	comp489	8.318758763
TYK2	comp490	8.318758763
TYK2	comp491	4.943095149
TYK2	comp492	6.111259039
TYK2	comp493	6.2076083109999995
TYK2	comp494	6.677780705
TYK2	comp495	6.76700389
TYK2	comp496	7.060480747
TYK2	comp497	7.408935393
TYK2	comp498	7.494850022
TYK2	comp499	7.920818754
TYK2	comp500	5.0
TYK2	comp501	5.0
TYK2	comp502	7.677780705
TYK2	comp503	6.508638306
TYK2	comp504	5.492279023
TYK2	comp505	7.2218487499999995
TYK2	comp506	7.2218487499999995
TYK2	comp507	7.142667504
TYK2	comp508	7.13076828
TYK2	comp509	7.142667504
TYK2	comp510	7.13076828
TYK2	comp511	6.638272164
TYK2	comp512	7.356547324
TYK2	comp513	6.187086643000001
TYK2	comp514	8.060480747
TYK2	comp515	6.4202164029999995
TYK2	comp516	7.48148606
TYK2	comp517	7.795880017
TYK2	comp518	7.3372421679999995
TYK2	comp519	7.13076828
TYK2	comp520	7.040958608
TYK2	comp521	6.958607315
TYK2	comp522	6.795880017
TYK2	comp523	6.795880017
TYK2	comp524	6.119186408
TYK2	comp525	7.0
TYK2	comp526	7.886056648
TYK2	comp527	7.0
TYK2	comp528	6.769551079
TYK2	comp529	6.455931956000001
TYK2	comp530	6.769551079
TYK2	comp531	6.2076083109999995
TYK2	comp532	6.568636236
TYK2	comp533	7.3372421679999995
TYK2	comp534	6.200659451
TYK2	comp535	6.443697499000001
TYK2	comp536	8.585026652
TYK2	comp537	7.346787486
TYK2	comp538	6.823908741
TYK2	comp539	6.15490196
TYK2	comp540	7.200659451
TYK2	comp541	7.200659451
TYK2	comp542	8.30980392
TYK2	comp543	8.30980392
TYK2	comp544	7.366531544
TYK2	comp545	7.366531544
TYK2	comp546	6.853871964
TYK2	comp547	7.958607315
TYK2	comp548	6.045757491
TYK2	comp549	6.045757491
TYK2	comp550	6.065501549
TYK2	comp551	6.283996655999999
TYK2	comp552	6.283996655999999
TYK2	comp553	6.0222763950000004
TYK2	comp554	6.508638306
TYK2	comp555	6.415668776
TYK2	comp556	7.0132282660000005
TYK2	comp557	6.008773924
TYK2	comp558	6.107905397
TYK2	comp559	6.124938737
TYK2	comp560	6.107905397
TYK2	comp561	6.124938737
TYK2	comp562	7.0
TYK2	comp563	7.552841969
TYK2	comp564	7.552841969
TYK2	comp565	6.920818754
TYK2	comp566	6.468521083000001
TYK2	comp567	6.537602002
TYK2	comp568	6.292429824
TYK2	comp569	6.15490196
TYK2	comp570	8.638272164
TYK2	comp571	6.508638306
TYK2	comp572	8.48148606
TYK2	comp573	6.619788758
TYK2	comp574	6.327902142
TYK2	comp575	6.886056648
TYK2	comp576	6.327902142
TYK2	comp577	6.408935393
TYK2	comp578	6.552841969
TYK2	comp579	6.229147987999999
TYK2	comp580	6.229147987999999
TYK2	comp581	6.853871964
TYK2	comp582	6.853871964
TYK2	comp583	7.958607315
TYK2	comp584	7.443697499
TYK2	comp585	7.443697499
TYK2	comp586	8.13667714
TYK2	comp587	6.795880017
TYK2	comp588	8.13667714
TYK2	comp589	7.356547324
TYK2	comp590	6.853871964
TYK2	comp591	6.756961951
TYK2	comp592	6.443697499000001
TYK2	comp593	6.443697499000001
TYK2	comp594	8.744727495
TYK2	comp595	9.15490196
TYK2	comp596	8.537602002
TYK2	comp597	8.522878745
TYK2	comp598	6.619788758
TYK2	comp599	7.853871964
TYK2	comp600	6.619788758
TYK2	comp601	7.173925197
TYK2	comp602	7.173925197
TYK2	comp603	7.958607315
TYK2	comp604	6.769551079
TYK2	comp605	6.886056648
TYK2	comp606	7.468521083
TYK2	comp607	7.327902142
TYK2	comp608	6.721246399
TYK2	comp609	6.721246399
TYK2	comp610	5.602059991
TYK2	comp611	7.0969100130000005
TYK2	comp612	7.0555173280000005
TYK2	comp613	6.537602002
TYK2	comp614	6.102372909
TYK2	comp615	8.229147988
TYK2	comp616	7.0555173280000005
TYK2	comp617	8.229147988
TYK2	comp618	6.431798276
TYK2	comp619	7.251811973
TYK2	comp620	6.040958608
TYK2	comp621	7.958607315
TYK2	comp622	8.397940009
TYK2	comp623	6.004364805
TYK2	comp624	6.318758763
TYK2	comp625	6.318758763
TYK2	comp626	6.075720714
TYK2	comp627	6.508638306
TYK2	comp628	6.508638306
TYK2	comp629	6.886056648
TYK2	comp630	6.075720714
TYK2	comp631	6.638272164
TYK2	comp632	5.805763251
TYK2	comp633	6.387216143
TYK2	comp634	7.521433504
TYK2	comp635	7.619788758
TYK2	comp636	7.602059991
TYK2	comp637	7.619788758
TYK2	comp638	6.6989700039999995
TYK2	comp639	6.6989700039999995
TYK2	comp640	7.657577319
TYK2	comp641	7.468521083
TYK2	comp642	7.356547324
TYK2	comp643	7.356547324
TYK2	comp644	6.494850022
TYK2	comp645	6.4202164029999995
TYK2	comp646	6.853871964
TYK2	comp647	6.886056648
TYK2	comp648	7.244125144
TYK2	comp649	7.26760624
TYK2	comp650	7.30980392
TYK2	comp651	6.886056648
TYK2	comp652	7.244125144
TYK2	comp653	7.26760624
TYK2	comp654	7.318758763
TYK2	comp655	6.26760624
TYK2	comp656	6.26760624
TYK2	comp657	7.431798276
TYK2	comp658	6.958607315
TYK2	comp659	6.795880017
TYK2	comp660	7.721246399
TYK2	comp661	6.4202164029999995
TYK2	comp662	7.431798276
TYK2	comp663	6.795880017
TYK2	comp664	7.721246399
TYK2	comp665	6.568636236
TYK2	comp666	5.740884156
TYK2	comp667	5.472112434
TYK2	comp668	5.735418271
TYK2	comp669	5.527097348
TYK2	comp670	8.823908741
TYK2	comp671	5.443697499000001
TYK2	comp672	8.036212173
TYK2	comp673	6.537602002
TYK2	comp674	7.508638306
TYK2	comp675	6.216096421
TYK2	comp676	7.397940009
TYK2	comp677	7.15490196
TYK2	comp678	6.801342913
TYK2	comp679	6.537602002
TYK2	comp680	5.366531544
TYK2	comp681	5.366531544
TYK2	comp682	7.823908741
TYK2	comp683	6.111259039
TYK2	comp684	8.318758763
TYK2	comp684	8.318758763
TYK2	comp1	6.956637722
TYK2	comp685	7.6989700039999995
TYK2	comp686	6.928117993
TYK2	comp687	6.823908741
TYK2	comp688	6.619788758
TYK2	comp689	9.22184875
TYK2	comp690	6.744727494999999
TYK2	comp691	8.823908741
TYK2	comp692	6.413412695
TYK2	comp693	8.173925196999999
TYK2	comp694	6.554395797
TYK2	comp695	6.552841969
TYK2	comp696	6.431798276
TYK2	comp697	7.37675071
TYK2	comp698	7.15490196
TYK2	comp699	5.701146924
TYK2	comp700	5.508638306
TYK2	comp701	4.512861625
TYK2	comp702	4.508638306
TYK2	comp703	4.512861625
TYK2	comp704	5.48148606
TYK2	comp705	5.431798276
TYK2	comp706	6.283996655999999
TYK2	comp707	7.3010299960000005
TYK2	comp708	6.537602002
TYK2	comp709	7.721246399
TYK2	comp710	7.721246399
TYK2	comp711	6.48148606
TYK2	comp712	7.3010299960000005
TYK2	comp713	6.823908741
TYK2	comp714	6.537602002
TYK2	comp715	7.0
TYK2	comp716	6.102372909
TYK2	comp717	6.0555173280000005
TYK2	comp718	7.2596373110000005
TYK2	comp719	6.27572413
TYK2	comp720	6.27572413
TYK2	comp721	6.725842151
TYK2	comp722	7.2218487499999995
TYK2	comp723	7.920818754
TYK2	comp724	7.0268721460000005
TYK2	comp725	7.30980392
TYK2	comp726	6.494850022
TYK2	comp727	6.494850022
TYK2	comp5	5.87095494
TYK2	comp728	6.458046526
TYK2	comp729	5.585026652
TYK2	comp729	7.061630403
TYK2	comp730	6.6989700039999995
TYK2	comp731	6.795880017
TYK2	comp732	7.124938737
TYK2	comp733	6.795880017
TYK2	comp734	6.431798276
TYK2	comp735	6.431798276
TYK2	comp736	6.677780705
TYK2	comp737	6.377785977
TYK2	comp738	6.619788758
TYK2	comp739	6.397940009
TYK2	comp740	6.397940009
TYK2	comp741	6.187086643000001
TYK2	comp742	5.657577319
TYK2	comp743	7.0
TYK2	comp744	7.107905397
TYK2	comp745	8.045757491
TYK2	comp746	8.15490196
TYK2	comp747	6.6989700039999995
TYK2	comp748	6.455931956000001
TYK2	comp749	6.721246399
TYK2	comp750	6.638272164
TYK2	comp751	6.537602002
TYK2	comp752	7.0
TYK2	comp753	6.537602002
TYK2	comp754	6.37675071
TYK2	comp755	6.6989700039999995
TYK2	comp756	6.455931956000001
TYK2	comp757	6.537602002
TYK2	comp758	7.0
TYK2	comp759	6.537602002
TYK2	comp760	6.37675071
TYK2	comp761	6.853871964
TYK2	comp762	6.619788758
TYK2	comp763	6.619788758
TYK2	comp764	5.006828394999999
TYK2	comp765	4.923468781
TYK2	comp766	5.63638802
TYK2	comp767	6.744727494999999
TYK2	comp768	6.744727494999999
TYK2	comp769	7.721246399
TYK2	comp770	7.431798276
TYK2	comp771	7.657577319
TYK2	comp772	6.48148606
TYK2	comp773	7.721246399
TYK2	comp774	7.657577319
TYK2	comp775	6.431798276
TYK2	comp776	6.431798276
TYK2	comp777	7.522878745
TYK2	comp778	6.468521083000001
TYK2	comp779	6.677780705
TYK2	comp780	6.522878745
TYK2	comp781	7.522878745
TYK2	comp782	6.585026652
TYK2	comp783	6.823908741
TYK2	comp784	6.823908741
TYK2	comp785	6.568636236
TYK2	comp786	6.677780705
TYK2	comp787	6.346787486
TYK2	comp788	6.356547324
TYK2	comp789	7.356547324
TYK2	comp790	6.356547324
TYK2	comp791	6.619788758
TYK2	comp792	6.568636236
TYK2	comp793	6.677780705
TYK2	comp794	7.356547324
TYK2	comp795	6.823908741
TYK2	comp796	7.4202164029999995
TYK2	comp797	6.431798276
TYK2	comp798	7.283996656
TYK2	comp799	7.0177287669999995
TYK2	comp800	6.536107011
TYK2	comp801	6.0915149809999996
TYK2	comp802	7.30980392
TYK2	comp803	6.0915149809999996
TYK2	comp804	6.2596373110000005
TYK2	comp805	6.2596373110000005
TYK2	comp806	7.431798276
TYK2	comp807	6.443697499000001
TYK2	comp808	6.920818754
TYK2	comp809	6.920818754
TYK2	comp810	7.0268721460000005
TYK2	comp811	7.0268721460000005
TYK2	comp812	7.443697499
TYK2	comp813	8.013228266
TYK2	comp814	8.013228266
TYK2	comp815	7.795880017
TYK2	comp816	8.769551079
TYK2	comp817	7.468521083
TYK2	comp818	5.2596373110000005
TYK2	comp819	6.920818754
TYK2	comp820	7.494850022
TYK2	comp821	6.187086643000001
TYK2	comp822	6.638272164
TYK2	comp823	6.468521083000001
TYK2	comp824	7.167491087
TYK2	comp825	6.0268721460000005
TYK2	comp826	6.3010299960000005
TYK2	comp827	7.3372421679999995
TYK2	comp828	5.823908741
TYK2	comp829	6.638272164
TYK2	comp830	5.585026652
TYK2	comp831	7.15490196
TYK2	comp832	9.036212173
TYK2	comp833	7.142667504
TYK2	comp834	5.596879479
TYK2	comp835	7.657577319
TYK2	comp836	6.2596373110000005
TYK2	comp837	6.853871964
TYK2	comp838	7.795880017
TYK2	comp839	7.2218487499999995
TYK2	comp840	5.387216143
TYK2	comp841	7.2596373110000005
TYK2	comp842	7.2596373110000005
TYK2	comp843	7.2596373110000005
TYK2	comp844	6.2596373110000005
TYK2	comp845	7.2596373110000005
TYK2	comp846	7.2596373110000005
TYK2	comp847	6.0
TYK2	comp848	6.199998172
TYK2	comp849	6.799998135
TYK2	comp850	6.640164518000001
TYK2	comp851	7.600326279
TYK2	comp852	6.431798276
TYK2	comp853	7.251811973
TYK2	comp854	7.318758763
TYK2	comp855	6.102372909
TYK2	comp856	6.958607315
TYK2	comp857	8.552841969
TYK2	comp858	5.288192771
TYK2	comp859	6.35261703
TYK2	comp860	7.283996656
TYK2	comp861	7.537602002
TYK2	comp862	6.366531544
TYK2	comp863	7.2596373110000005
TYK2	comp864	7.744727495
TYK2	comp865	7.214670165
TYK2	comp866	7.075720714
TYK2	comp867	6.823908741
TYK2	comp868	7.2076083109999995
TYK2	comp869	7.494850022
TYK2	comp870	5.853871964
TYK2	comp871	5.443697499000001
TYK2	comp872	7.886056648
TYK2	comp873	8.045757491
TYK2	comp874	5.241845378
TYK2	comp875	6.369114679
TYK2	comp876	6.744727494999999
TYK2	comp877	4.943095149
TYK2	comp878	6.100179498
TYK2	comp879	6.853871964
TYK2	comp880	6.638272164
TYK2	comp881	6.958607315
TYK2	comp882	6.602059991
TYK2	comp883	6.568636236
TYK2	comp884	6.508638306
TYK2	comp885	6.522878745
TYK2	comp886	6.366531544
TYK2	comp887	6.853871964
TYK2	comp888	7.920818754
TYK2	comp889	8.698970004
TYK2	comp890	6.113509275
TYK2	comp891	5.6989700039999995
TYK2	comp892	7.30980392
TYK2	comp893	6.958607315
TYK2	comp894	5.368049173999999
TYK2	comp895	5.539102157
TYK2	comp896	5.599116784
TYK2	comp897	6.2596373110000005
TYK2	comp898	5.823908741
TYK2	comp899	6.283996655999999
TYK2	comp900	7.494850022
TYK2	comp901	7.3010299960000005
TYK2	comp902	7.0
TYK2	comp903	7.2596373110000005
TYK2	comp904	6.443697499000001
TYK2	comp905	6.244125144
TYK2	comp906	6.236572005999999
TYK2	comp907	6.677780705
TYK2	comp908	7.721246399
TYK2	comp909	6.958607315
TYK2	comp910	6.958607315
TYK2	comp911	5.363211311000001
TYK2	comp912	5.234554982000001
TYK2	comp913	7.585026652
TYK2	comp914	6.37675071
TYK2	comp915	6.356547324
TYK2	comp916	6.619788758
TYK2	comp917	6.585026652
TYK2	comp918	6.356547324
TYK2	comp919	6.431798276
TYK2	comp920	6.769551079

